Date,Open*,High,Low,Close**,Volume,Market Cap
"Sep 16, 2020",0.042271,0.045925,0.041231,0.044617,"967,628","30,515,736"
"Sep 15, 2020",0.043393,0.043663,0.041456,0.042250,"422,994","28,896,889"
"Sep 14, 2020",0.042589,0.046128,0.041708,0.043364,"594,476","29,658,838"
"Sep 13, 2020",0.046986,0.047400,0.042065,0.042612,"633,009","29,144,220"
"Sep 12, 2020",0.045256,0.046988,0.043931,0.046986,"843,914","32,135,610"
"Sep 11, 2020",0.048360,0.049920,0.043655,0.045261,"1,073,354","30,955,884"
"Sep 10, 2020",0.040860,0.053517,0.040813,0.048555,"2,099,964","33,209,218"
"Sep 09, 2020",0.039849,0.042473,0.038724,0.040867,"511,846","27,950,873"
"Sep 08, 2020",0.041308,0.042521,0.038512,0.039853,"529,340","27,257,341"
"Sep 07, 2020",0.042484,0.043143,0.038208,0.041272,"512,193","28,227,975"
"Sep 06, 2020",0.039369,0.043152,0.038312,0.042421,"611,403","29,013,808"
"Sep 05, 2020",0.045458,0.046175,0.037256,0.039369,"851,353","26,926,349"
"Sep 04, 2020",0.045044,0.046568,0.042819,0.045478,"682,322","31,104,093"
"Sep 03, 2020",0.055017,0.055381,0.044729,0.045078,"919,948","30,830,832"
"Sep 02, 2020",0.056811,0.057107,0.053314,0.055120,"719,050","37,698,644"
"Sep 01, 2020",0.061011,0.061378,0.056801,0.056841,"1,090,855","38,876,110"
"Aug 31, 2020",0.059368,0.061445,0.058352,0.061001,"1,201,526","41,721,361"
"Aug 30, 2020",0.059963,0.060466,0.059188,0.059379,"833,122","40,611,687"
"Aug 29, 2020",0.058047,0.061677,0.057768,0.059981,"1,395,451","41,023,598"
"Aug 28, 2020",0.056121,0.058515,0.055310,0.058037,"805,563","39,693,812"
"Aug 27, 2020",0.058655,0.058987,0.054484,0.056101,"1,018,675","38,370,071"
"Aug 26, 2020",0.058314,0.060021,0.057358,0.058645,"874,432","40,109,567"
"Aug 25, 2020",0.062718,0.062944,0.056335,0.058356,"1,249,588","39,912,205"
"Aug 24, 2020",0.062577,0.064041,0.059941,0.062717,"1,897,374","42,894,914"
"Aug 23, 2020",0.064366,0.074620,0.060589,0.062577,"5,801,820","42,799,449"
"Aug 22, 2020",0.058439,0.064541,0.056291,0.064240,"1,368,866","43,936,422"
"Aug 21, 2020",0.064742,0.066118,0.058256,0.058548,"1,370,486","40,043,329"
"Aug 20, 2020",0.059258,0.066242,0.059003,0.064716,"1,444,831","44,261,953"
"Aug 19, 2020",0.061408,0.062376,0.057338,0.059268,"1,207,273","40,535,670"
"Aug 18, 2020",0.063839,0.065949,0.060843,0.061408,"1,150,941","41,999,898"
"Aug 17, 2020",0.070033,0.070307,0.062154,0.063803,"2,670,638","43,637,582"
"Aug 16, 2020",0.067008,0.070033,0.066081,0.070033,"2,088,672","47,898,544"
"Aug 15, 2020",0.069159,0.069822,0.065703,0.067004,"1,856,124","45,827,019"
"Aug 14, 2020",0.072310,0.079219,0.067680,0.069148,"6,413,164","47,293,569"
"Aug 13, 2020",0.058338,0.077315,0.054843,0.072764,"7,428,768","49,766,444"
"Aug 12, 2020",0.054864,0.059159,0.052959,0.058201,"1,546,053","39,805,962"
"Aug 11, 2020",0.058731,0.061704,0.053149,0.054816,"1,686,078","37,490,828"
"Aug 10, 2020",0.056893,0.059681,0.053425,0.058746,"2,179,980","40,179,298"
"Aug 09, 2020",0.054814,0.057638,0.054287,0.056982,"1,709,195","38,972,194"
"Aug 08, 2020",0.051152,0.056511,0.050964,0.054929,"1,840,356","37,568,096"
"Aug 07, 2020",0.051500,0.054234,0.049626,0.051147,"1,252,108","34,981,711"
"Aug 06, 2020",0.050361,0.051842,0.049420,0.051418,"955,308","35,167,362"
"Aug 05, 2020",0.050581,0.050786,0.049617,0.050361,"841,349","34,443,934"
"Aug 04, 2020",0.049278,0.050877,0.049010,0.050575,"940,503","34,590,330"
"Aug 03, 2020",0.050247,0.050379,0.048832,0.049280,"1,001,306","33,704,925"
"Aug 02, 2020",0.049626,0.051786,0.046885,0.050231,"1,400,295","34,355,297"
"Aug 01, 2020",0.050149,0.050833,0.049249,0.049611,"981,599","33,931,142"
"Jul 31, 2020",0.050282,0.052133,0.049889,0.050149,"703,241","34,299,121"
"Jul 30, 2020",0.049929,0.051175,0.049723,0.050230,"749,643","34,354,317"
"Jul 29, 2020",0.052305,0.052951,0.049607,0.049896,"826,609","34,126,374"
"Jul 28, 2020",0.048464,0.052749,0.048097,0.052268,"1,228,480","35,748,299"
"Jul 27, 2020",0.050584,0.051463,0.047612,0.048475,"1,217,663","33,153,852"
"Jul 26, 2020",0.052690,0.052934,0.048564,0.050583,"1,122,308","34,595,778"
"Jul 25, 2020",0.052674,0.054583,0.052316,0.052669,"1,013,215","36,022,297"
"Jul 24, 2020",0.055303,0.055450,0.052477,0.052626,"1,028,675","35,993,164"
"Jul 23, 2020",0.056014,0.056643,0.054072,0.055302,"1,479,571","37,823,434"
"Jul 22, 2020",0.055193,0.058604,0.054694,0.056059,"2,192,951","38,340,876"
"Jul 21, 2020",0.056883,0.058229,0.054886,0.055197,"1,242,453","37,751,554"
"Jul 20, 2020",0.056454,0.059193,0.055846,0.056877,"1,976,982","38,900,524"
"Jul 19, 2020",0.059514,0.059623,0.056260,0.056404,"1,195,142","38,576,877"
"Jul 18, 2020",0.061426,0.061877,0.057781,0.059439,"1,268,716","40,652,798"
"Jul 17, 2020",0.064361,0.064361,0.059336,0.061315,"1,783,516","41,935,877"
"Jul 16, 2020",0.057602,0.068402,0.057512,0.064369,"5,539,069","43,831,401"
"Jul 15, 2020",0.055222,0.061396,0.054914,0.057609,"2,381,436","39,228,472"
"Jul 14, 2020",0.055851,0.057578,0.053144,0.055179,"1,436,102","37,573,464"
"Jul 13, 2020",0.052591,0.060968,0.052528,0.056293,"3,130,758","38,332,525"
"Jul 12, 2020",0.051503,0.053138,0.051195,0.052591,"929,493","35,811,540"
"Jul 11, 2020",0.051276,0.051795,0.050439,0.051497,"849,076","35,066,472"
"Jul 10, 2020",0.050994,0.051450,0.049318,0.051208,"806,263","34,869,709"
"Jul 09, 2020",0.050777,0.054296,0.049555,0.051042,"1,334,650","34,756,917"
"Jul 08, 2020",0.049871,0.051308,0.049472,0.050777,"889,478","34,576,460"
"Jul 07, 2020",0.049845,0.050411,0.048796,0.049900,"829,749","33,978,887"
"Jul 06, 2020",0.046865,0.050087,0.046555,0.049881,"1,302,756","33,966,171"
"Jul 05, 2020",0.048792,0.049283,0.046664,0.046865,"668,174","31,912,656"
"Jul 04, 2020",0.048686,0.050978,0.047978,0.048871,"1,054,002","33,278,550"
"Jul 03, 2020",0.047216,0.052918,0.047186,0.048910,"2,222,281","33,305,191"
"Jul 02, 2020",0.045975,0.051516,0.044706,0.047241,"2,115,212","32,168,774"
"Jul 01, 2020",0.045963,0.046518,0.045221,0.046060,"589,367","31,180,009"
"Jun 30, 2020",0.046789,0.047071,0.045078,0.045966,"626,908","31,116,206"
"Jun 29, 2020",0.047080,0.047363,0.044289,0.046823,"807,978","31,696,363"
"Jun 28, 2020",0.046259,0.048176,0.044852,0.047080,"629,260","31,870,231"
"Jun 27, 2020",0.048958,0.049350,0.044767,0.046259,"821,805","31,314,708"
"Jun 26, 2020",0.052501,0.052713,0.048765,0.048765,"971,622","33,011,474"
"Jun 25, 2020",0.054136,0.054136,0.051825,0.052511,"851,556","35,546,914"
"Jun 24, 2020",0.055245,0.055856,0.053338,0.054038,"723,859","36,580,445"
"Jun 23, 2020",0.055221,0.055880,0.054559,0.055224,"813,943","37,383,636"
"Jun 22, 2020",0.054493,0.055654,0.054131,0.055257,"883,700","37,406,007"
"Jun 21, 2020",0.056857,0.057812,0.054424,0.054497,"1,051,379","36,891,185"
"Jun 20, 2020",0.054177,0.058321,0.054171,0.056991,"1,327,804","38,579,544"
"Jun 19, 2020",0.054696,0.057433,0.053310,0.054177,"1,323,309","36,674,479"
"Jun 18, 2020",0.055176,0.055417,0.054113,0.054640,"936,455","36,987,936"
"Jun 17, 2020",0.057371,0.057632,0.054375,0.055176,"868,908","37,350,735"
"Jun 16, 2020",0.056259,0.058862,0.055496,0.057356,"868,800","38,826,597"
"Jun 15, 2020",0.056865,0.057100,0.052334,0.056227,"765,987","38,062,695"
"Jun 14, 2020",0.060460,0.061053,0.056489,0.056865,"770,436","38,494,243"
"Jun 13, 2020",0.059934,0.061627,0.057940,0.060399,"1,529,892","40,886,980"
"Jun 12, 2020",0.054710,0.064687,0.054529,0.060021,"1,716,274","40,630,662"
"Jun 11, 2020",0.060927,0.062053,0.054150,0.054788,"919,502","37,088,078"
"Jun 10, 2020",0.061157,0.062423,0.060262,0.060927,"837,036","41,389,391"
"Jun 09, 2020",0.059941,0.062340,0.059254,0.061187,"747,403","41,566,253"
"Jun 08, 2020",0.060646,0.062428,0.059712,0.059939,"457,293","40,718,398"
"Jun 07, 2020",0.059057,0.060839,0.057286,0.060815,"432,068","41,313,528"
"Jun 06, 2020",0.060147,0.060485,0.058753,0.059057,"304,958","40,118,886"
"Jun 05, 2020",0.061662,0.062233,0.059110,0.060147,"572,418","40,859,603"
"Jun 04, 2020",0.062469,0.063892,0.060493,0.061665,"651,096","41,890,472"
"Jun 03, 2020",0.059379,0.066758,0.059211,0.062462,"1,724,724","42,432,260"
"Jun 02, 2020",0.058320,0.061703,0.056573,0.059378,"998,896","40,337,423"
"Jun 01, 2020",0.058559,0.060071,0.056239,0.058430,"1,104,301","39,693,224"
"May 31, 2020",0.061493,0.062779,0.058434,0.058570,"827,965","39,788,270"
"May 30, 2020",0.063665,0.066794,0.060253,0.061493,"1,658,310","41,773,715"
"May 29, 2020",0.063111,0.064630,0.062761,0.063686,"952,352","43,263,343"
"May 28, 2020",0.067498,0.068008,0.062917,0.063112,"1,377,757","42,873,808"
"May 27, 2020",0.070155,0.070739,0.066581,0.067469,"1,433,212","45,833,375"
"May 26, 2020",0.072904,0.072986,0.069542,0.070155,"1,034,632","47,658,138"
"May 25, 2020",0.069061,0.073543,0.068456,0.072864,"1,522,800","48,623,818"
"May 24, 2020",0.071324,0.077586,0.069170,0.069207,"1,781,480","46,183,641"
"May 23, 2020",0.071526,0.072299,0.070712,0.071364,"787,213","47,623,041"
"May 22, 2020",0.069612,0.072144,0.068450,0.071572,"1,220,366","47,761,709"
"May 21, 2020",0.072847,0.076086,0.067518,0.069658,"1,771,099","46,484,789"
"May 20, 2020",0.074924,0.075607,0.071830,0.072880,"992,259","48,635,069"
"May 19, 2020",0.073794,0.075644,0.072663,0.074924,"1,102,896","49,998,555"
"May 18, 2020",0.074567,0.075873,0.072648,0.073770,"1,033,094","49,228,635"
"May 17, 2020",0.074787,0.075939,0.073836,0.074479,"921,030","49,701,624"
"May 16, 2020",0.074464,0.076167,0.073869,0.074776,"1,037,318","49,900,244"
"May 15, 2020",0.073734,0.079123,0.073022,0.074592,"2,202,016","49,777,492"
"May 14, 2020",0.072509,0.074971,0.072307,0.073792,"1,553,208","49,243,174"
"May 13, 2020",0.075374,0.075937,0.072259,0.072629,"1,987,055","48,467,001"
"May 12, 2020",0.074507,0.077377,0.071956,0.075374,"1,877,352","50,299,430"
"May 11, 2020",0.072082,0.077771,0.069757,0.074407,"3,011,478","50,385,253"
"May 10, 2020",0.076584,0.077873,0.065764,0.072042,"4,569,843","48,783,739"
"May 09, 2020",0.074998,0.080153,0.073824,0.076519,"2,510,543","51,815,354"
"May 08, 2020",0.071255,0.081880,0.070535,0.074965,"4,898,285","50,763,192"
"May 07, 2020",0.078422,0.078440,0.069344,0.071345,"4,842,618","48,311,434"
"May 06, 2020",0.076591,0.079615,0.074219,0.078530,"17,291,261","53,176,794"
"May 05, 2020",0.070440,0.083732,0.070432,0.076738,"26,476,435","51,963,685"
"May 04, 2020",0.067223,0.074239,0.062383,0.070714,"13,074,586","47,884,611"
"May 03, 2020",0.074453,0.075346,0.065965,0.067234,"7,456,069","45,527,740"
"May 02, 2020",0.079901,0.079941,0.073182,0.074414,"8,770,125","50,389,590"
"May 01, 2020",0.081046,0.086001,0.077652,0.079879,"11,061,649","54,090,467"
"Apr 30, 2020",0.080943,0.099875,0.075730,0.081046,"42,485,884","54,880,448"
"Apr 29, 2020",0.048656,0.087994,0.048114,0.081089,"41,607,730","54,910,115"
"Apr 28, 2020",0.048283,0.049234,0.046764,0.048634,"631,838","32,933,063"
"Apr 27, 2020",0.047244,0.048262,0.046371,0.048201,"638,550","32,639,502"
"Apr 26, 2020",0.047860,0.050518,0.046793,0.047206,"1,202,525","31,965,570"
"Apr 25, 2020",0.046523,0.048868,0.045454,0.047746,"1,243,243","32,331,363"
"Apr 24, 2020",0.043905,0.046889,0.043668,0.046508,"916,815","31,493,103"
"Apr 23, 2020",0.044573,0.044903,0.042469,0.043726,"1,839,591","29,609,268"
"Apr 22, 2020",0.042670,0.047036,0.042652,0.044615,"3,493,317","30,211,309"
"Apr 21, 2020",0.038009,0.043936,0.037846,0.042688,"2,135,142","28,906,099"
"Apr 20, 2020",0.040426,0.041170,0.037770,0.037985,"474,709","25,722,043"
"Apr 19, 2020",0.041410,0.041561,0.039930,0.040443,"481,932","27,386,185"
"Apr 18, 2020",0.040834,0.042062,0.040639,0.041494,"577,074","28,097,916"
"Apr 17, 2020",0.042104,0.042307,0.040736,0.040854,"532,659","27,664,193"
"Apr 16, 2020",0.037935,0.042305,0.037091,0.042194,"807,416","28,572,080"
"Apr 15, 2020",0.040506,0.041504,0.037981,0.037981,"573,879","25,719,110"
"Apr 14, 2020",0.040553,0.042091,0.040286,0.040784,"861,941","27,617,247"
"Apr 13, 2020",0.039349,0.041332,0.036777,0.040483,"3,315,132","27,413,389"
"Apr 12, 2020",0.037055,0.041310,0.036962,0.039379,"1,499,887","26,665,660"
"Apr 11, 2020",0.038136,0.039010,0.036347,0.037065,"564,794","25,098,801"
"Apr 10, 2020",0.043302,0.043353,0.036499,0.038136,"1,465,869","25,823,982"
"Apr 09, 2020",0.043719,0.044460,0.042319,0.043320,"886,117","29,334,555"
"Apr 08, 2020",0.042793,0.046223,0.041816,0.043706,"2,175,359","29,595,436"
"Apr 07, 2020",0.042046,0.047414,0.040389,0.042867,"2,896,320","29,027,577"
"Apr 06, 2020",0.040452,0.042829,0.039554,0.042013,"998,098","28,449,075"
"Apr 05, 2020",0.043319,0.044257,0.039872,0.040463,"917,589","27,399,541"
"Apr 04, 2020",0.041603,0.045686,0.040422,0.043232,"1,954,158","29,274,964"
"Apr 03, 2020",0.040888,0.044042,0.038503,0.041603,"2,047,894","28,171,961"
"Apr 02, 2020",0.041689,0.043516,0.039907,0.040898,"1,894,567","27,693,927"
"Apr 01, 2020",0.043938,0.044119,0.039330,0.041472,"1,728,261","28,083,150"
"Mar 31, 2020",0.045114,0.047588,0.042900,0.043938,"3,153,554","29,752,669"
"Mar 30, 2020",0.036347,0.047555,0.036268,0.045756,"6,133,771","30,983,571"
"Mar 29, 2020",0.040954,0.042709,0.036095,0.036280,"2,444,811","24,567,082"
"Mar 28, 2020",0.036889,0.042846,0.033003,0.041005,"5,331,330","27,766,548"
"Mar 27, 2020",0.039868,0.043143,0.036346,0.036841,"3,015,165","24,947,245"
"Mar 26, 2020",0.042175,0.046754,0.038005,0.039765,"9,596,701","26,927,212"
"Mar 25, 2020",0.030200,0.044785,0.028691,0.042175,"11,185,501","28,559,077"
"Mar 24, 2020",0.029795,0.033199,0.028562,0.030212,"4,144,324","20,458,275"
"Mar 23, 2020",0.024526,0.031360,0.023861,0.029799,"2,985,081","20,178,479"
"Mar 22, 2020",0.028391,0.031602,0.023973,0.024526,"5,612,916","16,607,937"
"Mar 21, 2020",0.024472,0.029846,0.018893,0.028010,"7,170,255","18,967,032"
"Mar 20, 2020",0.027664,0.035848,0.021910,0.024315,"14,439,458","16,464,696"
"Mar 19, 2020",0.006130,0.033758,0.005751,0.027642,"31,688,626","18,718,038"
"Mar 18, 2020",0.005933,0.006608,0.005730,0.006130,"679,290","4,150,625"
"Mar 17, 2020",0.006034,0.006680,0.005818,0.005930,"297,129","4,015,685"
"Mar 16, 2020",0.007355,0.007856,0.005243,0.006034,"671,326","4,085,950"
"Mar 15, 2020",0.006686,0.007468,0.006606,0.007355,"986,631","4,980,524"
"Mar 14, 2020",0.007332,0.007432,0.006508,0.006686,"82,218.34","4,527,124"
"Mar 13, 2020",0.006271,0.007703,0.004854,0.007306,"289,582","4,947,052"
"Mar 12, 2020",0.011903,0.011924,0.006172,0.006241,"525,587","4,226,165"
"Mar 11, 2020",0.012317,0.012507,0.011330,0.011903,"210,955","8,060,302"
"Mar 10, 2020",0.012217,0.012987,0.011206,0.012317,"1,390,824","8,340,581"
"Mar 09, 2020",0.012006,0.013596,0.011358,0.011933,"1,263,731","8,080,709"
"Mar 08, 2020",0.014079,0.014081,0.012001,0.012013,"260,853","8,134,813"
"Mar 07, 2020",0.014885,0.015357,0.013891,0.014145,"280,886","9,578,238"
"Mar 06, 2020",0.015204,0.015344,0.014653,0.014883,"252,464","10,077,846"
"Mar 05, 2020",0.014883,0.015590,0.014837,0.015204,"327,400","10,295,130"
"Mar 04, 2020",0.013980,0.015384,0.013925,0.014881,"516,485","10,076,951"
"Mar 03, 2020",0.014576,0.014691,0.013475,0.013980,"814,176","9,466,299"
"Mar 02, 2020",0.013352,0.014632,0.013296,0.014574,"185,187","9,868,882"
"Mar 01, 2020",0.013669,0.014030,0.013108,0.013353,"150,411","9,041,859"
"Feb 29, 2020",0.013403,0.013968,0.013403,0.013679,"261,847","9,262,824"
"Feb 28, 2020",0.014167,0.014593,0.013150,0.013402,"365,586","9,075,241"
"Feb 27, 2020",0.013439,0.014660,0.012600,0.014124,"485,714","9,564,010"
"Feb 26, 2020",0.014785,0.014830,0.012610,0.013439,"402,102","9,100,163"
"Feb 25, 2020",0.015427,0.015553,0.014345,0.014795,"261,905","10,018,813"
"Feb 24, 2020",0.016922,0.016922,0.015192,0.015428,"343,130","10,447,346"
"Feb 23, 2020",0.015903,0.016902,0.015796,0.016836,"389,058","11,400,561"
"Feb 22, 2020",0.016291,0.016382,0.015782,0.015903,"238,808","10,768,671"
"Feb 21, 2020",0.015936,0.016609,0.015827,0.016287,"466,113","11,028,910"
"Feb 20, 2020",0.016488,0.016667,0.015591,0.015954,"426,749","10,803,149"
"Feb 19, 2020",0.017933,0.018997,0.016427,0.016511,"612,821","11,180,214"
"Feb 18, 2020",0.017235,0.018357,0.016790,0.017930,"666,585","12,141,469"
"Feb 17, 2020",0.017705,0.018003,0.015917,0.017244,"782,911","11,676,591"
"Feb 16, 2020",0.019042,0.019956,0.016423,0.017712,"1,340,654","11,993,938"
"Feb 15, 2020",0.020489,0.021718,0.018153,0.019039,"1,807,684","12,892,344"
"Feb 14, 2020",0.019861,0.020675,0.019387,0.020489,"1,854,079","13,874,048"
"Feb 13, 2020",0.018751,0.024655,0.018512,0.020140,"6,349,479","13,637,738"
"Feb 12, 2020",0.017658,0.019358,0.017446,0.018850,"1,589,128","12,764,190"
"Feb 11, 2020",0.016969,0.017786,0.016593,0.017664,"793,837","11,960,983"
"Feb 10, 2020",0.016832,0.017104,0.015859,0.016970,"680,785","11,491,551"
"Feb 09, 2020",0.015841,0.016989,0.015826,0.016825,"413,925","11,393,451"
"Feb 08, 2020",0.017444,0.017444,0.015756,0.015922,"682,352","10,781,622"
"Feb 07, 2020",0.016664,0.017855,0.016318,0.017443,"1,111,617","11,811,871"
"Feb 06, 2020",0.015410,0.017033,0.015107,0.016660,"956,625","11,281,336"
"Feb 05, 2020",0.015611,0.015735,0.014805,0.015406,"811,828","10,431,953"
"Feb 04, 2020",0.015067,0.015769,0.014992,0.015605,"601,876","10,567,200"
"Feb 03, 2020",0.014979,0.015241,0.014676,0.015065,"459,888","10,201,654"
"Feb 02, 2020",0.014553,0.015243,0.014297,0.014979,"654,846","10,143,116"
"Feb 01, 2020",0.014614,0.014949,0.014379,0.014551,"323,047","9,853,526"
"Jan 31, 2020",0.014333,0.014666,0.014065,0.014607,"254,496","9,891,050"
"Jan 30, 2020",0.014483,0.014882,0.014051,0.014334,"338,992","9,706,410"
"Jan 29, 2020",0.014656,0.014977,0.013817,0.014485,"569,496","9,808,886"
"Jan 28, 2020",0.015303,0.015441,0.014283,0.014559,"561,345","9,858,822"
"Jan 27, 2020",0.015109,0.015455,0.014950,0.015305,"293,619","10,364,055"
"Jan 26, 2020",0.014891,0.015186,0.014588,0.015093,"342,802","10,220,521"
"Jan 25, 2020",0.014937,0.015515,0.014458,0.014895,"739,009","10,086,199"
"Jan 24, 2020",0.014594,0.015105,0.014090,0.014935,"394,197","10,113,281"
"Jan 23, 2020",0.015466,0.015534,0.014352,0.014586,"295,746","9,876,816"
"Jan 22, 2020",0.015308,0.015621,0.015170,0.015462,"292,087","10,470,094"
"Jan 21, 2020",0.015667,0.015999,0.014984,0.015310,"612,228","10,367,468"
"Jan 20, 2020",0.015149,0.016391,0.015085,0.015671,"1,383,278","10,611,889"
"Jan 19, 2020",0.015543,0.015772,0.014349,0.015071,"752,633","10,205,700"
"Jan 18, 2020",0.015772,0.015961,0.015239,0.015554,"376,385","10,532,368"
"Jan 17, 2020",0.015618,0.015814,0.015194,0.015779,"626,645","10,684,536"
"Jan 16, 2020",0.015269,0.016042,0.014910,0.015618,"764,326","10,575,500"
"Jan 15, 2020",0.015469,0.015790,0.014585,0.015253,"906,487","10,328,900"
"Jan 14, 2020",0.015725,0.016282,0.015193,0.015420,"803,465","10,441,718"
"Jan 13, 2020",0.016069,0.016127,0.015501,0.015712,"392,143","10,639,304"
"Jan 12, 2020",0.015585,0.016652,0.015538,0.016062,"1,027,473","10,876,171"
"Jan 11, 2020",0.015701,0.016278,0.015053,0.015589,"1,333,990","10,556,286"
"Jan 10, 2020",0.016088,0.016184,0.015561,0.015622,"860,507","10,578,316"
"Jan 09, 2020",0.015966,0.016653,0.015387,0.016074,"1,668,511","10,884,261"
"Jan 08, 2020",0.016412,0.017447,0.015739,0.015991,"1,819,985","10,828,630"
"Jan 07, 2020",0.015388,0.017891,0.015128,0.016408,"3,464,123","11,110,893"
"Jan 06, 2020",0.015860,0.016994,0.015042,0.015390,"2,975,251","10,421,557"
"Jan 05, 2020",0.016817,0.018716,0.015349,0.015846,"3,524,337","10,730,034"
"Jan 04, 2020",0.013666,0.018523,0.013387,0.016829,"8,364,248","11,395,969"
"Jan 03, 2020",0.012640,0.013752,0.012443,0.013673,"512,057","9,258,969"
"Jan 02, 2020",0.013697,0.013833,0.012454,0.012638,"685,645","8,557,648"
"Jan 01, 2020",0.013024,0.014047,0.012865,0.013695,"892,401","9,273,840"
"Dec 31, 2019",0.014052,0.014098,0.012875,0.013024,"634,365","8,818,999"
"Dec 30, 2019",0.014344,0.014591,0.013908,0.014064,"279,680","9,523,170"
"Dec 29, 2019",0.014695,0.015080,0.014069,0.014344,"644,496","9,713,153"
"Dec 28, 2019",0.014163,0.015325,0.014091,0.014691,"913,098","9,948,020"
"Dec 27, 2019",0.014482,0.014515,0.013933,0.014164,"351,543","9,591,189"
"Dec 26, 2019",0.014268,0.014786,0.014099,0.014417,"527,210","9,762,298"
"Dec 25, 2019",0.015204,0.015446,0.014066,0.014268,"576,484","9,661,901"
"Dec 24, 2019",0.014063,0.015578,0.013924,0.015220,"804,956","10,306,547"
"Dec 23, 2019",0.014649,0.014970,0.013943,0.014063,"438,765","9,522,822"
"Dec 22, 2019",0.015103,0.015255,0.014173,0.014651,"896,735","9,920,909"
"Dec 21, 2019",0.015878,0.016194,0.014820,0.015036,"1,102,979","10,181,921"
"Dec 20, 2019",0.015223,0.016311,0.014648,0.015885,"1,632,017","10,756,589"
"Dec 19, 2019",0.014142,0.015912,0.013545,0.015223,"1,294,174","10,308,100"
"Dec 18, 2019",0.012978,0.014546,0.012256,0.014142,"724,056","9,576,114"
"Dec 17, 2019",0.014690,0.014799,0.012911,0.012978,"796,095","8,787,898"
"Dec 16, 2019",0.015671,0.017513,0.014024,0.014690,"2,105,968","9,947,458"
"Dec 15, 2019",0.015124,0.016728,0.014334,0.015671,"1,820,120","10,611,351"
"Dec 14, 2019",0.018883,0.019031,0.014946,0.015130,"2,304,296","10,245,298"
"Dec 13, 2019",0.014737,0.019217,0.014380,0.018951,"4,920,655","12,832,877"
"Dec 12, 2019",0.014737,0.015017,0.013597,0.014717,"929,366","9,965,810"
"Dec 11, 2019",0.014703,0.015301,0.013970,0.014737,"1,127,074","9,979,054"
"Dec 10, 2019",0.017507,0.017530,0.014013,0.014703,"1,529,947","9,956,372"
"Dec 09, 2019",0.018475,0.018615,0.017099,0.017505,"597,892","11,853,777"
"Dec 08, 2019",0.018389,0.019430,0.017912,0.018476,"992,067","12,511,345"
"Dec 07, 2019",0.019108,0.019609,0.018235,0.018390,"956,292","12,453,163"
"Dec 06, 2019",0.019017,0.021133,0.018677,0.019106,"1,756,716","12,937,834"
"Dec 05, 2019",0.019427,0.020853,0.017270,0.019019,"3,293,328","12,878,596"
"Dec 04, 2019",0.021446,0.021513,0.019127,0.019459,"1,599,817","13,176,938"
"Dec 03, 2019",0.022678,0.023759,0.020774,0.021436,"2,872,415","14,515,217"
"Dec 02, 2019",0.024116,0.024534,0.022413,0.022678,"1,596,062","15,356,222"
"Dec 01, 2019",0.027227,0.028475,0.023956,0.024118,"3,240,343","16,331,446"
"Nov 30, 2019",0.026027,0.028875,0.025098,0.027438,"6,329,773","18,579,846"
"Nov 29, 2019",0.022663,0.027039,0.021280,0.026247,"5,941,560","17,773,571"
"Nov 28, 2019",0.027477,0.031206,0.021972,0.022656,"15,995,800","15,341,766"
"Nov 27, 2019",0.016673,0.029230,0.015124,0.027478,"18,811,871","18,606,724"
"Nov 26, 2019",0.019494,0.020079,0.016365,0.016778,"3,836,285","11,361,362"
"Nov 25, 2019",0.017986,0.073761,0.017814,0.019435,"35,602,651","13,160,484"
"Nov 24, 2019",0.012277,0.021275,0.012122,0.017983,"6,287,597","12,177,165"
"Nov 23, 2019",0.010298,0.013562,0.009907,0.012277,"819,672","8,313,733"
"Nov 22, 2019",0.011064,0.011240,0.009621,0.010292,"127,990","6,969,544"
"Nov 21, 2019",0.011998,0.012060,0.010920,0.011064,"130,447","7,492,310"
"Nov 20, 2019",0.011885,0.012410,0.011790,0.012005,"171,848","8,129,302"
"Nov 19, 2019",0.011573,0.011908,0.011488,0.011885,"154,708","8,047,959"
"Nov 18, 2019",0.012197,0.012390,0.011504,0.011573,"147,863","7,836,792"
"Nov 17, 2019",0.012080,0.012546,0.012003,0.012172,"154,348","8,242,254"
"Nov 16, 2019",0.011767,0.012090,0.011694,0.012080,"126,275","8,180,060"
"Nov 15, 2019",0.011901,0.012158,0.011519,0.011756,"146,917","7,960,393"
"Nov 14, 2019",0.012092,0.012193,0.011685,0.011888,"161,021","8,049,966"
"Nov 13, 2019",0.012210,0.012533,0.011993,0.012195,"233,918","8,257,883"
"Nov 12, 2019",0.012182,0.012748,0.012033,0.012208,"210,856","8,267,001"
"Nov 11, 2019",0.011981,0.013310,0.011547,0.012183,"644,744","8,249,606"
"Nov 10, 2019",0.011790,0.012091,0.011787,0.011969,"143,826","8,104,910"
"Nov 09, 2019",0.011799,0.011996,0.011711,0.011797,"140,421","7,988,207"
"Nov 08, 2019",0.012619,0.012786,0.011705,0.011790,"133,928","7,983,502"
"Nov 07, 2019",0.012621,0.013024,0.012350,0.012620,"183,704","8,545,914"
"Nov 06, 2019",0.012336,0.012872,0.012145,0.012623,"841,756","8,547,569"
"Nov 05, 2019",0.012274,0.012502,0.012118,0.012347,"141,217","8,360,619"
"Nov 04, 2019",0.012380,0.012577,0.012190,0.012274,"141,808","8,311,658"
"Nov 03, 2019",0.012361,0.012605,0.012225,0.012371,"119,508","8,376,805"
"Nov 02, 2019",0.012608,0.012778,0.012285,0.012363,"142,654","8,371,828"
"Nov 01, 2019",0.012153,0.012732,0.012004,0.012619,"204,476","8,545,328"
"Oct 31, 2019",0.012510,0.012629,0.011821,0.012159,"297,266","8,233,503"
"Oct 30, 2019",0.012493,0.012608,0.012138,0.012515,"94,509.78","8,474,735"
"Oct 29, 2019",0.012590,0.012849,0.012425,0.012593,"112,993","8,527,676"
"Oct 28, 2019",0.012776,0.013277,0.012448,0.012593,"124,912","8,527,315"
"Oct 27, 2019",0.011616,0.013100,0.011191,0.012775,"302,342","8,650,490"
"Oct 26, 2019",0.012846,0.014403,0.011529,0.011713,"245,043","7,931,410"
"Oct 25, 2019",0.012176,0.013117,0.011767,0.012855,"322,160","8,704,590"
"Oct 24, 2019",0.011554,0.012225,0.011346,0.012176,"112,701","8,245,186"
"Oct 23, 2019",0.012592,0.012670,0.011343,0.011554,"121,367","7,823,929"
"Oct 22, 2019",0.012946,0.013048,0.012592,0.012592,"102,079","8,526,480"
"Oct 21, 2019",0.012905,0.013240,0.012721,0.012946,"158,715","8,766,475"
"Oct 20, 2019",0.011916,0.013108,0.011467,0.012903,"452,466","8,737,336"
"Oct 19, 2019",0.011949,0.012047,0.011586,0.011911,"71,328.67","8,065,499"
"Oct 18, 2019",0.012562,0.012896,0.011822,0.011950,"167,395","8,091,673"
"Oct 17, 2019",0.011987,0.013030,0.011800,0.012562,"207,440","8,506,091"
"Oct 16, 2019",0.012385,0.012630,0.011785,0.012001,"114,079","8,126,689"
"Oct 15, 2019",0.012579,0.012723,0.012243,0.012388,"145,681","8,388,761"
"Oct 14, 2019",0.012144,0.012864,0.011986,0.012569,"181,164","8,511,329"
"Oct 13, 2019",0.012827,0.012871,0.011955,0.012144,"118,466","8,223,255"
"Oct 12, 2019",0.012640,0.012920,0.012353,0.012832,"96,952.96","8,689,331"
"Oct 11, 2019",0.012368,0.012809,0.011972,0.012684,"136,366","8,589,123"
"Oct 10, 2019",0.012278,0.012669,0.011743,0.012366,"149,268","8,373,720"
"Oct 09, 2019",0.012267,0.012908,0.011873,0.012275,"280,727","8,311,939"
"Oct 08, 2019",0.012586,0.012692,0.011859,0.012267,"215,920","8,306,675"
"Oct 07, 2019",0.012447,0.012859,0.011911,0.012589,"167,575","8,524,710"
"Oct 06, 2019",0.013170,0.013575,0.011944,0.012463,"651,606","8,439,211"
"Oct 05, 2019",0.011873,0.013780,0.011659,0.013172,"781,967","8,919,416"
"Oct 04, 2019",0.011229,0.012024,0.011122,0.011873,"157,843","8,039,651"
"Oct 03, 2019",0.011648,0.012367,0.011207,0.011230,"231,254","7,604,627"
"Oct 02, 2019",0.011094,0.012567,0.010911,0.011651,"467,068","7,889,373"
"Oct 01, 2019",0.010607,0.011474,0.010485,0.011094,"153,943","7,512,531"
"Sep 30, 2019",0.010232,0.010714,0.009682,0.010610,"99,920.95","7,184,558"
"Sep 29, 2019",0.010725,0.010731,0.010070,0.010233,"61,470.90","6,929,601"
"Sep 28, 2019",0.010487,0.010759,0.010307,0.010713,"96,082.93","7,254,169"
"Sep 27, 2019",0.010012,0.010595,0.009840,0.010487,"87,527.45","7,101,146"
"Sep 26, 2019",0.010556,0.010922,0.009455,0.010013,"111,328","6,780,210"
"Sep 25, 2019",0.010127,0.010863,0.009727,0.010555,"155,709","7,147,620"
"Sep 24, 2019",0.013123,0.013129,0.009886,0.010124,"209,891","6,855,572"
"Sep 23, 2019",0.013422,0.014504,0.012810,0.013117,"221,548","8,882,010"
"Sep 22, 2019",0.013199,0.014514,0.012857,0.013420,"315,549","9,087,234"
"Sep 21, 2019",0.013631,0.013773,0.012918,0.013197,"165,146","8,936,207"
"Sep 20, 2019",0.013651,0.014383,0.013402,0.013634,"251,937","9,232,277"
"Sep 19, 2019",0.012967,0.015602,0.012041,0.013633,"1,135,249","9,231,899"
"Sep 18, 2019",0.012353,0.013402,0.012353,0.012961,"246,200","8,776,875"
"Sep 17, 2019",0.012267,0.012695,0.012241,0.012363,"129,696","8,371,420"
"Sep 16, 2019",0.012148,0.012651,0.011767,0.012269,"200,856","8,307,876"
"Sep 15, 2019",0.011640,0.012544,0.011578,0.012147,"211,458","8,225,494"
"Sep 14, 2019",0.011839,0.011954,0.011463,0.011640,"60,212.60","7,881,852"
"Sep 13, 2019",0.011889,0.012013,0.011619,0.011830,"63,448.88","8,010,779"
"Sep 12, 2019",0.011862,0.012063,0.010900,0.011888,"183,654","8,049,728"
"Sep 11, 2019",0.011630,0.011999,0.011589,0.011880,"90,915.31","8,044,819"
"Sep 10, 2019",0.012176,0.012524,0.011625,0.011628,"156,477","7,873,701"
"Sep 09, 2019",0.012740,0.012954,0.011854,0.012180,"168,945","8,247,551"
"Sep 08, 2019",0.013166,0.016240,0.012603,0.012736,"770,403","8,623,909"
"Sep 07, 2019",0.012417,0.013332,0.012143,0.013173,"70,515.65","8,919,970"
"Sep 06, 2019",0.011771,0.012880,0.011599,0.012418,"162,271","8,408,567"
"Sep 05, 2019",0.011535,0.012063,0.011262,0.011771,"76,068.62","7,970,822"
"Sep 04, 2019",0.011524,0.011793,0.011287,0.011533,"72,778.81","7,809,949"
"Sep 03, 2019",0.011533,0.011781,0.011268,0.011525,"90,533.97","7,804,279"
"Sep 02, 2019",0.012202,0.012679,0.011455,0.011531,"213,608","7,808,031"
"Sep 01, 2019",0.011597,0.012367,0.011578,0.012203,"96,371.99","8,263,073"
"Aug 31, 2019",0.011646,0.012647,0.011448,0.011594,"161,418","7,850,977"
"Aug 30, 2019",0.011400,0.011943,0.011298,0.011641,"82,432.71","7,883,094"
"Aug 29, 2019",0.011247,0.011860,0.010760,0.011400,"200,801","7,719,569"
"Aug 28, 2019",0.012376,0.012511,0.011115,0.011246,"245,727","7,615,167"
"Aug 27, 2019",0.012557,0.013027,0.011962,0.012374,"136,861","8,378,988"
"Aug 26, 2019",0.011674,0.013446,0.011586,0.012554,"350,117","8,501,042"
"Aug 25, 2019",0.012138,0.013430,0.011554,0.011659,"626,806","7,895,221"
"Aug 24, 2019",0.011552,0.012142,0.011089,0.012138,"241,270","8,219,206"
"Aug 23, 2019",0.010722,0.012289,0.010478,0.011553,"351,583","7,822,876"
"Aug 22, 2019",0.010731,0.010955,0.010324,0.010722,"75,445.84","7,260,653"
"Aug 21, 2019",0.011200,0.011494,0.010207,0.010731,"166,694","7,266,767"
"Aug 20, 2019",0.010933,0.011773,0.010510,0.011200,"161,758","7,583,827"
"Aug 19, 2019",0.010747,0.011328,0.010586,0.010933,"113,437","7,403,312"
"Aug 18, 2019",0.011198,0.011266,0.010637,0.010744,"124,287","7,275,055"
"Aug 17, 2019",0.010918,0.012013,0.010705,0.011200,"260,888","7,584,036"
"Aug 16, 2019",0.012638,0.014784,0.010766,0.010845,"963,008","7,343,591"
"Aug 15, 2019",0.009668,0.013837,0.009424,0.012636,"844,389","8,556,802"
"Aug 14, 2019",0.010862,0.011009,0.009604,0.009668,"83,382.99","6,546,782"
"Aug 13, 2019",0.011256,0.011424,0.010703,0.010865,"99,203.19","7,357,040"
"Aug 12, 2019",0.010908,0.011800,0.010822,0.011255,"151,370","7,621,048"
"Aug 11, 2019",0.010923,0.011453,0.010747,0.010905,"94,017.18","7,384,156"
"Aug 10, 2019",0.010596,0.011072,0.010553,0.010925,"85,602.94","7,398,123"
"Aug 09, 2019",0.011563,0.011687,0.010493,0.010596,"98,759.88","7,174,887"
"Aug 08, 2019",0.011603,0.013922,0.011361,0.011568,"379,842","7,833,311"
"Aug 07, 2019",0.012010,0.013407,0.011584,0.011603,"266,380","7,857,253"
"Aug 06, 2019",0.012557,0.013675,0.011534,0.012012,"351,037","8,134,143"
"Aug 05, 2019",0.013620,0.013776,0.012054,0.012567,"240,226","8,509,834"
"Aug 04, 2019",0.013838,0.014014,0.013383,0.013622,"119,525","9,224,371"
"Aug 03, 2019",0.014445,0.015553,0.013784,0.013836,"133,381","9,369,394"
"Aug 02, 2019",0.014730,0.015018,0.013884,0.014447,"134,798","9,782,915"
"Aug 01, 2019",0.015037,0.015179,0.013907,0.014728,"73,400.96","9,973,108"
"Jul 31, 2019",0.014610,0.015604,0.014203,0.015029,"77,908.41","10,177,099"
"Jul 30, 2019",0.014557,0.015475,0.013924,0.014614,"55,821.52","9,895,836"
"Jul 29, 2019",0.014139,0.015055,0.013914,0.014555,"84,279.40","9,856,009"
"Jul 28, 2019",0.013851,0.014418,0.013401,0.014138,"70,284.13","9,573,318"
"Jul 27, 2019",0.014769,0.015153,0.013620,0.013855,"81,620.13","9,381,708"
"Jul 26, 2019",0.014386,0.014821,0.013917,0.014769,"77,453.04","10,000,578"
"Jul 25, 2019",0.014046,0.014877,0.013963,0.014387,"75,010.50","9,742,055"
"Jul 24, 2019",0.014422,0.014422,0.013612,0.014053,"79,488.31","9,516,021"
"Jul 23, 2019",0.014411,0.015351,0.013812,0.014422,"147,089","9,766,209"
"Jul 22, 2019",0.014666,0.016388,0.014078,0.014413,"531,873","9,759,671"
"Jul 21, 2019",0.014423,0.014900,0.013947,0.014662,"57,349.17","9,928,452"
"Jul 20, 2019",0.014335,0.014901,0.013964,0.014430,"112,360","9,771,444"
"Jul 19, 2019",0.014366,0.014677,0.013577,0.014331,"88,447.10","9,704,482"
"Jul 18, 2019",0.013961,0.014795,0.013234,0.014366,"107,473","9,727,894"
"Jul 17, 2019",0.013826,0.014455,0.012737,0.013957,"90,768.75","9,450,788"
"Jul 16, 2019",0.017188,0.017232,0.013760,0.013796,"210,398","9,341,726"
"Jul 15, 2019",0.017043,0.017505,0.014950,0.017120,"511,295","11,592,934"
"Jul 14, 2019",0.017296,0.017603,0.015611,0.017018,"408,379","11,523,500"
"Jul 13, 2019",0.017121,0.017991,0.017063,0.017340,"481,079","11,741,754"
"Jul 12, 2019",0.016835,0.019381,0.016586,0.017117,"660,738","11,590,700"
"Jul 11, 2019",0.019309,0.019351,0.016357,0.016659,"234,740","11,280,927"
"Jul 10, 2019",0.019952,0.020016,0.017763,0.019312,"761,575","13,077,257"
"Jul 09, 2019",0.020192,0.020245,0.019564,0.019962,"356,109","13,517,417"
"Jul 08, 2019",0.021300,0.021583,0.019649,0.020188,"554,610","13,670,324"
"Jul 07, 2019",0.020328,0.021923,0.020139,0.021302,"850,201","14,424,803"
"Jul 06, 2019",0.019850,0.020949,0.019616,0.020327,"359,680","13,764,477"
"Jul 05, 2019",0.020059,0.021237,0.019614,0.019913,"678,151","13,484,255"
"Jul 04, 2019",0.020677,0.023098,0.019912,0.020062,"2,057,996","13,584,900"
"Jul 03, 2019",0.020832,0.021065,0.019964,0.020676,"417,581","14,000,684"
"Jul 02, 2019",0.020819,0.020958,0.019461,0.020893,"720,842","14,148,097"
"Jul 01, 2019",0.020446,0.021380,0.020060,0.020821,"470,418","14,099,194"
"Jun 30, 2019",0.021302,0.022262,0.019424,0.020446,"644,106","13,845,101"
"Jun 29, 2019",0.021186,0.025598,0.018837,0.021309,"1,439,133","14,429,490"
"Jun 28, 2019",0.021121,0.022282,0.019291,0.021173,"458,247","14,337,101"
"Jun 27, 2019",0.022702,0.023533,0.019659,0.021121,"1,545,284","14,302,272"
"Jun 26, 2019",0.023978,0.024532,0.022513,0.022702,"2,100,486","15,372,929"
"Jun 25, 2019",0.023993,0.024426,0.023685,0.023978,"628,873","16,236,893"
"Jun 24, 2019",0.024557,0.024685,0.022688,0.023991,"552,901","16,245,382"
"Jun 23, 2019",0.023889,0.025683,0.023782,0.024557,"831,394","16,628,793"
"Jun 22, 2019",0.023919,0.024169,0.023235,0.023887,"1,299,730","16,174,919"
"Jun 21, 2019",0.023909,0.024537,0.023580,0.023919,"1,297,121","16,196,932"
"Jun 20, 2019",0.024624,0.024875,0.023229,0.023904,"882,316","16,186,517"
"Jun 19, 2019",0.024178,0.025011,0.024096,0.024625,"253,534","16,675,112"
"Jun 18, 2019",0.025269,0.026284,0.023836,0.024166,"345,734","16,364,216"
"Jun 17, 2019",0.024051,0.026989,0.023557,0.025278,"760,863","17,117,395"
"Jun 16, 2019",0.024102,0.024620,0.023438,0.023606,"444,858","15,985,247"
"Jun 15, 2019",0.023315,0.025070,0.023315,0.024102,"742,790","16,320,837"
"Jun 14, 2019",0.025790,0.030747,0.022677,0.023312,"4,417,718","15,785,711"
"Jun 13, 2019",0.025110,0.026608,0.023392,0.025919,"717,596","17,551,192"
"Jun 12, 2019",0.024669,0.025328,0.023302,0.025093,"209,286","16,992,134"
"Jun 11, 2019",0.024749,0.024926,0.023347,0.024627,"229,686","16,676,424"
"Jun 10, 2019",0.023170,0.025110,0.022727,0.024727,"424,443","16,743,943"
"Jun 09, 2019",0.025623,0.025867,0.022593,0.023213,"422,409","15,718,781"
"Jun 08, 2019",0.024586,0.025907,0.024425,0.025623,"496,516","17,350,878"
"Jun 07, 2019",0.023947,0.024815,0.023898,0.024590,"349,387","16,651,070"
"Jun 06, 2019",0.023654,0.024266,0.022772,0.023936,"358,704","16,208,083"
"Jun 05, 2019",0.023436,0.024429,0.023436,0.023657,"585,037","16,019,673"
"Jun 04, 2019",0.026502,0.026567,0.023039,0.023436,"1,022,632","15,869,870"
"Jun 03, 2019",0.029635,0.030343,0.026457,0.026529,"446,559","17,964,044"
"Jun 02, 2019",0.026571,0.030800,0.026570,0.029776,"1,202,268","20,162,636"
"Jun 01, 2019",0.026576,0.028341,0.025145,0.026571,"2,234,006","17,992,954"
"May 31, 2019",0.024765,0.026578,0.023991,0.026578,"1,071,658","17,997,641"
"May 30, 2019",0.025934,0.026991,0.024287,0.024765,"891,182","16,769,628"
"May 29, 2019",0.025320,0.027343,0.024415,0.025934,"1,524,914","17,561,281"
"May 28, 2019",0.025286,0.025994,0.024585,0.025323,"1,032,819","17,147,372"
"May 27, 2019",0.024463,0.025451,0.024022,0.025224,"1,148,356","17,080,444"
"May 26, 2019",0.022967,0.027299,0.022720,0.024454,"4,381,728","16,559,358"
"May 25, 2019",0.022100,0.023427,0.021918,0.022967,"567,850","15,552,242"
"May 24, 2019",0.024089,0.024922,0.022017,0.022100,"751,161","14,965,196"
"May 23, 2019",0.024324,0.026595,0.022400,0.024083,"2,406,741","16,308,027"
"May 22, 2019",0.021743,0.027531,0.021157,0.024459,"3,353,054","16,562,218"
"May 21, 2019",0.019257,0.028351,0.019249,0.021743,"4,192,346","14,723,267"
"May 20, 2019",0.018768,0.019978,0.018466,0.019265,"440,845","13,045,538"
"May 19, 2019",0.019880,0.020500,0.018425,0.018768,"474,861","12,708,666"
"May 18, 2019",0.019909,0.020108,0.018819,0.019882,"441,001","13,462,933"
"May 17, 2019",0.019970,0.020096,0.017520,0.019909,"595,257","13,481,170"
"May 16, 2019",0.019516,0.020929,0.018759,0.019966,"961,324","13,520,061"
"May 15, 2019",0.016777,0.020647,0.016712,0.019532,"1,181,274","13,226,049"
"May 14, 2019",0.017927,0.017927,0.016484,0.016780,"677,827","11,362,910"
"May 13, 2019",0.016575,0.017913,0.016203,0.017868,"397,459","12,099,551"
"May 12, 2019",0.017146,0.018103,0.016065,0.016575,"538,445","11,223,503"
"May 11, 2019",0.015691,0.017989,0.015428,0.017147,"411,249","11,611,381"
"May 10, 2019",0.014140,0.015895,0.014114,0.015692,"488,304","10,625,910"
"May 09, 2019",0.017803,0.018970,0.014131,0.014137,"3,811,002","9,573,015"
"May 08, 2019",0.017921,0.018535,0.017497,0.017804,"315,640","12,056,317"
"May 07, 2019",0.018015,0.018898,0.017809,0.017928,"277,760","12,140,101"
"May 06, 2019",0.017899,0.018501,0.017604,0.018026,"497,598","12,206,655"
"May 05, 2019",0.017813,0.018050,0.017695,0.017899,"162,363","12,120,569"
"May 04, 2019",0.018435,0.018534,0.017527,0.017824,"394,597","12,069,400"
"May 03, 2019",0.018616,0.018889,0.017949,0.018435,"529,957","12,483,369"
"May 02, 2019",0.018639,0.019497,0.018367,0.018616,"389,921","12,605,686"
"May 01, 2019",0.018781,0.019163,0.018300,0.018638,"277,254","12,620,764"
"Apr 30, 2019",0.017938,0.018887,0.017676,0.018780,"215,785","12,716,854"
"Apr 29, 2019",0.018647,0.019885,0.017726,0.017936,"516,267","12,145,387"
"Apr 28, 2019",0.018665,0.019071,0.018456,0.018643,"304,042","12,624,214"
"Apr 27, 2019",0.017987,0.019080,0.017819,0.018662,"353,012","12,637,263"
"Apr 26, 2019",0.018241,0.018343,0.017795,0.018000,"477,020","12,188,484"
"Apr 25, 2019",0.019876,0.020645,0.018179,0.018217,"549,003","12,335,736"
"Apr 24, 2019",0.022858,0.022878,0.019427,0.019879,"768,881","13,461,355"
"Apr 23, 2019",0.024998,0.025029,0.022388,0.022862,"761,088","15,481,071"
"Apr 22, 2019",0.023969,0.025073,0.023534,0.024997,"343,424","16,926,558"
"Apr 21, 2019",0.025042,0.025183,0.023723,0.023975,"247,523","16,235,085"
"Apr 20, 2019",0.025615,0.025982,0.024874,0.025036,"283,413","16,953,172"
"Apr 19, 2019",0.025474,0.025883,0.025130,0.025615,"358,011","17,345,230"
"Apr 18, 2019",0.024594,0.025681,0.024535,0.025473,"382,973","17,249,028"
"Apr 17, 2019",0.024526,0.024916,0.024180,0.024735,"203,917","16,749,283"
"Apr 16, 2019",0.024420,0.024717,0.024061,0.024529,"175,928","16,609,741"
"Apr 15, 2019",0.024541,0.025470,0.023648,0.024455,"357,675","16,559,836"
"Apr 14, 2019",0.024571,0.024971,0.024134,0.024541,"241,444","16,618,034"
"Apr 13, 2019",0.024410,0.025069,0.024080,0.024571,"329,396","16,638,315"
"Apr 12, 2019",0.023603,0.024716,0.022938,0.024410,"390,391","16,529,343"
"Apr 11, 2019",0.025519,0.025690,0.023329,0.023616,"377,747","15,991,355"
"Apr 10, 2019",0.025429,0.026783,0.025286,0.025512,"531,325","17,275,819"
"Apr 09, 2019",0.025857,0.026652,0.024726,0.025467,"516,372","17,245,186"
"Apr 08, 2019",0.025710,0.026832,0.025353,0.025857,"493,510","17,509,350"
"Apr 07, 2019",0.024860,0.026236,0.024695,0.025696,"457,342","17,400,122"
"Apr 06, 2019",0.025662,0.025902,0.024699,0.024782,"621,855","16,780,997"
"Apr 05, 2019",0.024459,0.026076,0.024383,0.025658,"648,098","17,374,470"
"Apr 04, 2019",0.023360,0.025497,0.023128,0.024438,"599,952","16,548,160"
"Apr 03, 2019",0.023549,0.025265,0.023159,0.023357,"1,841,825","15,816,458"
"Apr 02, 2019",0.023239,0.024585,0.022882,0.023667,"2,108,361","16,026,148"
"Apr 01, 2019",0.022273,0.025425,0.021886,0.023252,"3,831,112","15,745,339"
"Mar 31, 2019",0.021471,0.022580,0.021023,0.022261,"1,881,950","15,073,961"
"Mar 30, 2019",0.021137,0.022072,0.020629,0.021471,"1,426,868","14,539,233"
"Mar 29, 2019",0.021417,0.021788,0.020971,0.021192,"1,416,067","14,350,218"
"Mar 28, 2019",0.021575,0.022219,0.021043,0.021417,"2,058,028","14,502,638"
"Mar 27, 2019",0.021648,0.023331,0.021337,0.021575,"2,305,987","14,609,301"
"Mar 26, 2019",0.020986,0.026284,0.019962,0.021683,"10,274,090","14,682,489"
"Mar 25, 2019",0.019809,0.029764,0.019747,0.020977,"9,156,492","14,204,933"
"Mar 24, 2019",0.019693,0.019840,0.019512,0.019782,"991,100","13,395,262"
"Mar 23, 2019",0.019898,0.020070,0.019470,0.019665,"908,059","13,316,191"
"Mar 22, 2019",0.019669,0.019997,0.019665,0.019914,"818,116","13,484,871"
"Mar 21, 2019",0.020742,0.020813,0.019046,0.019752,"1,201,892","13,375,280"
"Mar 20, 2019",0.020525,0.020760,0.020236,0.020751,"954,902","14,051,906"
"Mar 19, 2019",0.020518,0.021395,0.020412,0.020509,"1,289,553","13,887,572"
"Mar 18, 2019",0.020317,0.020755,0.020127,0.020507,"879,722","13,886,227"
"Mar 17, 2019",0.020690,0.020714,0.020196,0.020321,"896,620","13,760,123"
"Mar 16, 2019",0.020498,0.021309,0.020345,0.020700,"1,145,795","14,017,297"
"Mar 15, 2019",0.019921,0.020944,0.019893,0.020472,"1,498,524","13,862,807"
"Mar 14, 2019",0.019794,0.020161,0.019387,0.019980,"1,177,069","13,529,799"
"Mar 13, 2019",0.019939,0.020018,0.019310,0.019802,"1,171,515","13,409,063"
"Mar 12, 2019",0.018840,0.020131,0.017952,0.019882,"1,122,721","13,463,183"
"Mar 11, 2019",0.019325,0.020549,0.018463,0.018690,"1,727,722","12,656,052"
"Mar 10, 2019",0.019244,0.019378,0.019030,0.019283,"780,838","13,057,741"
"Mar 09, 2019",0.018375,0.019352,0.018375,0.019199,"887,297","13,000,386"
"Mar 08, 2019",0.018882,0.019193,0.018298,0.018397,"875,232","12,457,945"
"Mar 07, 2019",0.018677,0.019197,0.018633,0.018874,"777,115","12,780,633"
"Mar 06, 2019",0.018791,0.018978,0.018489,0.018661,"763,231","12,636,346"
"Mar 05, 2019",0.018258,0.018952,0.018089,0.018812,"1,007,109","12,738,825"
"Mar 04, 2019",0.018048,0.018294,0.017424,0.018216,"1,148,882","12,335,307"
"Mar 03, 2019",0.018280,0.018373,0.017782,0.018057,"808,689","12,227,119"
"Mar 02, 2019",0.018585,0.018613,0.017850,0.018286,"1,029,585","12,382,534"
"Mar 01, 2019",0.017949,0.020720,0.017931,0.018522,"2,905,996","12,542,046"
"Feb 28, 2019",0.017798,0.018046,0.017673,0.017929,"645,740","12,140,851"
"Feb 27, 2019",0.018489,0.018792,0.017172,0.017790,"808,193","12,046,246"
"Feb 26, 2019",0.017409,0.018463,0.017325,0.018427,"996,616","12,478,046"
"Feb 25, 2019",0.017147,0.017616,0.017143,0.017461,"719,502","11,824,108"
"Feb 24, 2019",0.019902,0.019964,0.016646,0.017109,"1,140,515","11,585,258"
"Feb 23, 2019",0.018964,0.019901,0.018763,0.019901,"798,071","13,475,954"
"Feb 22, 2019",0.018441,0.019077,0.018357,0.018995,"758,917","12,862,871"
"Feb 21, 2019",0.018872,0.018872,0.018011,0.018430,"772,248","12,479,672"
"Feb 20, 2019",0.018473,0.018862,0.018282,0.018862,"746,057","12,772,298"
"Feb 19, 2019",0.018481,0.018737,0.017960,0.018450,"917,421","12,493,684"
"Feb 18, 2019",0.017815,0.018578,0.017741,0.018468,"805,211","12,505,929"
"Feb 17, 2019",0.017527,0.018074,0.017427,0.017844,"797,427","12,083,027"
"Feb 16, 2019",0.017460,0.017606,0.017163,0.017524,"688,354","11,866,535"
"Feb 15, 2019",0.017723,0.017812,0.017280,0.017474,"1,143,804","11,832,924"
"Feb 14, 2019",0.018036,0.018302,0.017642,0.017708,"863,650","11,991,104"
"Feb 13, 2019",0.017752,0.020233,0.017634,0.018060,"2,596,979","12,229,134"
"Feb 12, 2019",0.018019,0.018019,0.017517,0.017745,"832,139","12,016,042"
"Feb 11, 2019",0.018147,0.018613,0.017875,0.018078,"994,607","12,241,923"
"Feb 10, 2019",0.018440,0.018516,0.017840,0.018124,"870,164","12,272,933"
"Feb 09, 2019",0.017939,0.018935,0.017760,0.018457,"968,168","12,498,348"
"Feb 08, 2019",0.016900,0.018315,0.016900,0.017940,"790,083","12,147,864"
"Feb 07, 2019",0.016517,0.017147,0.016512,0.016897,"643,272","11,441,574"
"Feb 06, 2019",0.017137,0.017165,0.016424,0.016528,"554,761","11,192,050"
"Feb 05, 2019",0.017738,0.017977,0.017093,0.017152,"548,767","11,614,617"
"Feb 04, 2019",0.017559,0.017870,0.017554,0.017815,"584,585","12,063,276"
"Feb 03, 2019",0.018044,0.018116,0.017470,0.017542,"680,819","11,878,340"
"Feb 02, 2019",0.017574,0.018226,0.017423,0.018078,"752,361","12,241,300"
"Feb 01, 2019",0.017406,0.017730,0.017046,0.017589,"622,578","11,910,631"
"Jan 31, 2019",0.017956,0.018047,0.017095,0.017392,"430,472","11,777,383"
"Jan 30, 2019",0.017146,0.018054,0.017037,0.017955,"469,574","12,158,075"
"Jan 29, 2019",0.016759,0.017417,0.016699,0.017156,"443,466","11,617,221"
"Jan 28, 2019",0.018802,0.018802,0.016633,0.016764,"973,337","11,351,730"
"Jan 27, 2019",0.019116,0.019318,0.018541,0.018757,"520,153","12,701,337"
"Jan 26, 2019",0.019284,0.019739,0.019023,0.019112,"434,330","12,942,025"
"Jan 25, 2019",0.019205,0.019958,0.018612,0.019335,"900,210","13,093,112"
"Jan 24, 2019",0.018878,0.019319,0.018708,0.019181,"619,534","12,988,687"
"Jan 23, 2019",0.018995,0.019543,0.018726,0.018871,"593,545","12,778,519"
"Jan 22, 2019",0.019531,0.019531,0.018599,0.018992,"688,308","12,860,730"
"Jan 21, 2019",0.019456,0.019505,0.018891,0.019403,"612,720","13,138,850"
"Jan 20, 2019",0.019933,0.020797,0.019285,0.019424,"1,386,381","13,152,907"
"Jan 19, 2019",0.019599,0.020657,0.019534,0.020006,"1,159,699","13,547,374"
"Jan 18, 2019",0.018702,0.020706,0.018151,0.019773,"1,680,243","13,389,648"
"Jan 17, 2019",0.018305,0.019422,0.018291,0.018695,"628,970","12,659,246"
"Jan 16, 2019",0.018291,0.019123,0.018135,0.018357,"820,809","12,430,417"
"Jan 15, 2019",0.017978,0.019521,0.017895,0.018351,"1,143,873","12,426,753"
"Jan 14, 2019",0.017711,0.018200,0.016973,0.017980,"378,510","12,175,570"
"Jan 13, 2019",0.017904,0.018154,0.016607,0.017700,"549,834","11,985,471"
"Jan 12, 2019",0.017540,0.018283,0.017346,0.017909,"468,189","12,127,492"
"Jan 11, 2019",0.017405,0.017850,0.017073,0.017520,"357,894","11,863,639"
"Jan 10, 2019",0.019336,0.019583,0.017015,0.017416,"519,259","11,793,569"
"Jan 09, 2019",0.019424,0.019852,0.019300,0.019324,"441,562","13,085,411"
"Jan 08, 2019",0.019676,0.019891,0.019054,0.019314,"688,046","13,078,777"
"Jan 07, 2019",0.021490,0.021490,0.019484,0.019787,"2,191,469","13,398,915"
"Jan 06, 2019",0.018378,0.024848,0.018099,0.021792,"4,047,754","14,756,330"
"Jan 05, 2019",0.018660,0.018966,0.018215,0.018398,"399,577","12,458,490"
"Jan 04, 2019",0.018228,0.018735,0.018135,0.018676,"433,842","12,646,503"
"Jan 03, 2019",0.018392,0.018491,0.018161,0.018228,"379,286","12,343,070"
"Jan 02, 2019",0.018427,0.018516,0.017887,0.018435,"642,857","12,483,234"
"Jan 01, 2019",0.017662,0.018397,0.017499,0.018365,"394,353","12,436,172"
"Dec 31, 2018",0.018430,0.018430,0.017620,0.017653,"361,150","11,953,685"
"Dec 30, 2018",0.018468,0.019036,0.018162,0.018482,"511,778","12,515,356"
"Dec 29, 2018",0.018868,0.019062,0.018397,0.018488,"449,925","12,518,895"
"Dec 28, 2018",0.016970,0.019043,0.016696,0.019035,"1,121,677","12,889,800"
"Dec 27, 2018",0.017673,0.018506,0.016956,0.016987,"561,613","11,502,971"
"Dec 26, 2018",0.017683,0.018249,0.017386,0.017605,"443,394","11,921,633"
"Dec 25, 2018",0.019171,0.019187,0.017270,0.017670,"508,801","11,965,457"
"Dec 24, 2018",0.019545,0.020922,0.018830,0.019123,"781,073","12,949,452"
"Dec 23, 2018",0.019224,0.019925,0.018571,0.019504,"932,178","13,206,943"
"Dec 22, 2018",0.017738,0.019622,0.017703,0.019267,"770,540","13,046,626"
"Dec 21, 2018",0.018817,0.019032,0.017630,0.017838,"758,576","12,079,254"
"Dec 20, 2018",0.018002,0.018987,0.017123,0.018827,"648,290","12,748,625"
"Dec 19, 2018",0.017501,0.018935,0.017159,0.018032,"932,855","12,210,693"
"Dec 18, 2018",0.017058,0.017439,0.016751,0.017383,"622,989","11,771,153"
"Dec 17, 2018",0.016593,0.017824,0.016027,0.017163,"1,951,869","11,622,326"
"Dec 16, 2018",0.015089,0.018458,0.014951,0.016567,"1,687,432","11,218,179"
"Dec 15, 2018",0.014713,0.015389,0.014586,0.015138,"294,686","10,250,719"
"Dec 14, 2018",0.015349,0.015420,0.014513,0.014712,"339,819","9,962,119"
"Dec 13, 2018",0.016364,0.016438,0.015224,0.015365,"345,361","10,404,356"
"Dec 12, 2018",0.016230,0.016658,0.016009,0.016351,"447,362","11,072,336"
"Dec 11, 2018",0.016408,0.016793,0.015819,0.016255,"334,268","11,006,935"
"Dec 10, 2018",0.016923,0.017094,0.016217,0.016386,"336,513","11,095,987"
"Dec 09, 2018",0.016548,0.017342,0.016312,0.016943,"357,627","11,472,767"
"Dec 08, 2018",0.016774,0.017269,0.016062,0.016640,"420,790","11,267,853"
"Dec 07, 2018",0.017364,0.017471,0.015820,0.016796,"843,226","11,373,657"
"Dec 06, 2018",0.019672,0.020112,0.017341,0.017382,"960,169","11,770,387"
"Dec 05, 2018",0.020248,0.020800,0.019663,0.019680,"861,729","13,326,301"
"Dec 04, 2018",0.020357,0.021073,0.018725,0.020229,"852,801","13,698,207"
"Dec 03, 2018",0.021749,0.021825,0.018940,0.020389,"919,706","13,806,822"
"Dec 02, 2018",0.020250,0.022749,0.020028,0.021727,"1,183,268","14,712,654"
"Dec 01, 2018",0.019528,0.021475,0.019507,0.020265,"611,540","13,722,214"
"Nov 30, 2018",0.020146,0.020598,0.018975,0.019565,"724,161","13,248,847"
"Nov 29, 2018",0.020474,0.022157,0.019608,0.020104,"803,436","13,613,672"
"Nov 28, 2018",0.017419,0.023021,0.017419,0.020398,"1,678,070","13,812,462"
"Nov 27, 2018",0.016635,0.017578,0.015771,0.017317,"396,797","11,726,556"
"Nov 26, 2018",0.017208,0.018550,0.016168,0.016669,"466,943","11,287,285"
"Nov 25, 2018",0.017762,0.017870,0.015030,0.017134,"514,610","11,602,501"
"Nov 24, 2018",0.020257,0.020990,0.017155,0.017753,"460,863","12,021,795"
"Nov 23, 2018",0.021752,0.022215,0.019674,0.020286,"646,534","13,736,756"
"Nov 22, 2018",0.023614,0.024810,0.021440,0.021851,"723,308","14,796,368"
"Nov 21, 2018",0.023007,0.024885,0.022218,0.023626,"642,033","15,998,656"
"Nov 20, 2018",0.025623,0.025930,0.021616,0.022991,"1,033,300","15,568,256"
"Nov 19, 2018",0.031678,0.031902,0.025273,0.025689,"1,057,810","17,395,693"
"Nov 18, 2018",0.029857,0.032814,0.029821,0.031655,"1,062,740","21,435,597"
"Nov 17, 2018",0.030373,0.030672,0.029396,0.029866,"644,647","20,223,558"
"Nov 16, 2018",0.031701,0.031796,0.030063,0.030413,"687,338","20,594,300"
"Nov 15, 2018",0.033693,0.034163,0.029373,0.031570,"913,515","21,377,633"
"Nov 14, 2018",0.038264,0.038624,0.031934,0.033580,"817,235","22,738,916"
"Nov 13, 2018",0.040061,0.040299,0.038026,0.038354,"1,112,910","25,971,449"
"Nov 12, 2018",0.042436,0.044380,0.039801,0.040161,"1,758,970","27,195,473"
"Nov 11, 2018",0.039825,0.042523,0.039479,0.042523,"1,675,720","28,794,506"
"Nov 10, 2018",0.039755,0.041014,0.038983,0.039852,"938,166","26,985,691"
"Nov 09, 2018",0.041891,0.041934,0.039563,0.039747,"943,315","26,914,928"
"Nov 08, 2018",0.041653,0.042675,0.039794,0.041982,"1,283,800","28,428,098"
"Nov 07, 2018",0.042098,0.042859,0.040612,0.041677,"1,191,470","28,221,701"
"Nov 06, 2018",0.043009,0.043065,0.039726,0.042265,"1,642,910","28,598,876"
"Nov 05, 2018",0.043829,0.045469,0.042684,0.042965,"1,245,060","29,093,808"
"Nov 04, 2018",0.043082,0.046415,0.041595,0.043778,"2,357,570","29,644,538"
"Nov 03, 2018",0.042922,0.043998,0.042104,0.043075,"1,132,600","29,168,498"
"Nov 02, 2018",0.044599,0.045635,0.042874,0.042920,"1,561,360","29,063,404"
"Nov 01, 2018",0.045842,0.049792,0.043618,0.044466,"4,447,820","30,110,353"
"Oct 31, 2018",0.039985,0.046758,0.039977,0.045563,"4,618,360","30,853,259"
"Oct 30, 2018",0.038747,0.040536,0.038377,0.039855,"1,409,200","26,987,790"
"Oct 29, 2018",0.039519,0.041153,0.037097,0.038716,"1,208,600","26,216,985"
"Oct 28, 2018",0.039723,0.040480,0.038411,0.039668,"1,053,340","26,861,230"
"Oct 27, 2018",0.041769,0.042421,0.038501,0.039597,"1,267,370","26,813,084"
"Oct 26, 2018",0.039695,0.042147,0.039680,0.041874,"1,468,360","28,354,830"
"Oct 25, 2018",0.040477,0.041144,0.037951,0.039754,"1,870,910","26,919,262"
"Oct 24, 2018",0.040007,0.042427,0.039722,0.040505,"1,390,770","27,428,279"
"Oct 23, 2018",0.038477,0.041250,0.037555,0.040221,"1,909,770","27,235,899"
"Oct 22, 2018",0.037942,0.038698,0.037114,0.038257,"914,185","25,906,036"
"Oct 21, 2018",0.038865,0.039530,0.037745,0.037954,"1,022,500","25,700,655"
"Oct 20, 2018",0.037966,0.039110,0.037256,0.038823,"1,077,850","26,289,170"
"Oct 19, 2018",0.035997,0.038563,0.035997,0.037838,"1,439,920","25,622,105"
"Oct 18, 2018",0.036412,0.037174,0.035747,0.035984,"1,015,210","24,366,863"
"Oct 17, 2018",0.036992,0.037459,0.035792,0.036434,"1,047,310","24,671,380"
"Oct 16, 2018",0.035994,0.038056,0.035322,0.036891,"1,022,260","24,980,907"
"Oct 15, 2018",0.035510,0.038123,0.034629,0.036010,"1,641,770","24,384,402"
"Oct 14, 2018",0.038205,0.040859,0.035307,0.035308,"2,916,190","23,908,701"
"Oct 13, 2018",0.032516,0.040276,0.032194,0.036753,"3,252,890","24,887,731"
"Oct 12, 2018",0.031338,0.034658,0.030793,0.032544,"961,660","22,036,978"
"Oct 11, 2018",0.037085,0.037263,0.031071,0.031422,"1,017,940","21,277,617"
"Oct 10, 2018",0.036665,0.037118,0.035026,0.037117,"959,906","25,133,606"
"Oct 09, 2018",0.037146,0.038056,0.035783,0.036795,"962,970","24,916,103"
"Oct 08, 2018",0.036504,0.039036,0.035737,0.037056,"1,524,950","25,092,435"
"Oct 07, 2018",0.035769,0.037293,0.034941,0.036479,"1,118,690","24,702,190"
"Oct 06, 2018",0.036864,0.037599,0.035611,0.035685,"1,061,740","24,163,988"
"Oct 05, 2018",0.037056,0.037303,0.036001,0.036820,"949,316","24,932,558"
"Oct 04, 2018",0.036987,0.038022,0.036504,0.037003,"945,082","25,056,816"
"Oct 03, 2018",0.037767,0.037884,0.036154,0.037020,"1,345,090","25,067,922"
"Oct 02, 2018",0.039301,0.040911,0.037759,0.037759,"1,776,830","25,568,948"
"Oct 01, 2018",0.043801,0.045322,0.039293,0.039426,"2,999,460","26,697,494"
"Sep 30, 2018",0.047707,0.051942,0.041966,0.043394,"9,949,380","29,384,172"
"Sep 29, 2018",0.034160,0.066413,0.032238,0.046364,"11,774,900","31,395,727"
"Sep 28, 2018",0.034610,0.036582,0.033230,0.033964,"1,023,800","22,998,537"
"Sep 27, 2018",0.032784,0.038074,0.032137,0.034637,"2,384,400","23,454,872"
"Sep 26, 2018",0.031137,0.033249,0.030598,0.032731,"942,780","22,163,877"
"Sep 25, 2018",0.031242,0.032949,0.029410,0.031156,"980,617","21,097,494"
"Sep 24, 2018",0.032602,0.032766,0.031129,0.031241,"681,430","21,154,849"
"Sep 23, 2018",0.033005,0.033204,0.031866,0.032544,"697,516","22,037,113"
"Sep 22, 2018",0.032855,0.033706,0.031529,0.032993,"765,411","22,341,562"
"Sep 21, 2018",0.033729,0.034441,0.031656,0.032595,"1,567,840","22,071,987"
"Sep 20, 2018",0.029668,0.036973,0.029257,0.034131,"1,191,090","23,111,961"
"Sep 19, 2018",0.029943,0.030216,0.028464,0.029565,"479,604","20,019,938"
"Sep 18, 2018",0.029160,0.030264,0.028205,0.029951,"564,697","20,281,387"
"Sep 17, 2018",0.031890,0.033078,0.028413,0.029089,"990,465","19,697,612"
"Sep 16, 2018",0.029818,0.033242,0.029494,0.031876,"762,180","21,584,910"
"Sep 15, 2018",0.030916,0.031373,0.029821,0.029821,"498,079","20,193,560"
"Sep 14, 2018",0.030473,0.031472,0.029564,0.030963,"605,817","20,966,532"
"Sep 13, 2018",0.029195,0.030886,0.028907,0.030490,"703,404","20,646,170"
"Sep 12, 2018",0.030823,0.031362,0.027603,0.028854,"719,730","19,538,481"
"Sep 11, 2018",0.031266,0.032643,0.029930,0.030871,"513,459","20,904,166"
"Sep 10, 2018",0.030591,0.032275,0.030263,0.031228,"390,356","21,146,113"
"Sep 09, 2018",0.030434,0.032662,0.029279,0.030596,"558,172","20,718,220"
"Sep 08, 2018",0.033852,0.036764,0.029825,0.030470,"1,014,000","20,632,966"
"Sep 07, 2018",0.032227,0.036865,0.030574,0.033826,"1,360,000","22,905,632"
"Sep 06, 2018",0.030937,0.032772,0.029585,0.032197,"417,205","21,802,005"
"Sep 05, 2018",0.038553,0.039124,0.030478,0.030935,"523,059","20,947,707"
"Sep 04, 2018",0.038548,0.039122,0.038006,0.038534,"264,103","26,093,472"
"Sep 03, 2018",0.038643,0.038917,0.037052,0.038534,"365,479","26,093,337"
"Sep 02, 2018",0.040097,0.040258,0.037729,0.038621,"440,741","26,152,655"
"Sep 01, 2018",0.037905,0.040077,0.037107,0.040077,"351,982","27,138,051"
"Aug 31, 2018",0.037914,0.038274,0.036549,0.037638,"321,023","25,486,674"
"Aug 30, 2018",0.039043,0.039940,0.035735,0.037498,"420,786","25,392,143"
"Aug 29, 2018",0.040752,0.040752,0.038991,0.038991,"488,069","26,402,661"
"Aug 28, 2018",0.039981,0.040968,0.039162,0.040742,"498,879","27,588,358"
"Aug 27, 2018",0.035705,0.040672,0.035263,0.039941,"865,627","27,046,093"
"Aug 26, 2018",0.036393,0.036962,0.034770,0.035988,"272,020","24,369,504"
"Aug 25, 2018",0.035806,0.036544,0.034734,0.036320,"269,044","24,594,387"
"Aug 24, 2018",0.035677,0.035807,0.034531,0.035807,"215,929","24,247,007"
"Aug 23, 2018",0.032976,0.035616,0.032957,0.035208,"334,084","23,840,985"
"Aug 22, 2018",0.034379,0.039376,0.032678,0.033110,"603,124","22,420,721"
"Aug 21, 2018",0.033673,0.034947,0.033112,0.034406,"261,692","23,297,975"
"Aug 20, 2018",0.036863,0.038679,0.034277,0.034395,"597,689","23,290,933"
"Aug 19, 2018",0.033545,0.042202,0.032985,0.037079,"1,113,830","25,108,077"
"Aug 18, 2018",0.036261,0.037514,0.031874,0.033535,"608,374","22,708,377"
"Aug 17, 2018",0.029594,0.037061,0.029260,0.036534,"634,421","24,739,366"
"Aug 16, 2018",0.028775,0.030843,0.027996,0.029587,"208,791","20,035,241"
"Aug 15, 2018",0.028287,0.031600,0.027735,0.028797,"354,702","19,499,883"
"Aug 14, 2018",0.030099,0.030415,0.026192,0.028349,"315,357","19,196,856"
"Aug 13, 2018",0.033687,0.034783,0.030061,0.030108,"248,793","20,387,904"
"Aug 12, 2018",0.034021,0.034886,0.033233,0.033581,"261,836","22,739,323"
"Aug 11, 2018",0.035680,0.036445,0.031790,0.034090,"280,804","23,084,401"
"Aug 10, 2018",0.040843,0.041678,0.035614,0.035745,"283,752","24,204,685"
"Aug 09, 2018",0.038443,0.041874,0.037038,0.040848,"411,748","27,660,475"
"Aug 08, 2018",0.043139,0.043491,0.038172,0.038373,"445,918","25,984,315"
"Aug 07, 2018",0.046110,0.047908,0.042682,0.043117,"412,378","29,196,668"
"Aug 06, 2018",0.047101,0.047986,0.044779,0.046130,"322,659","31,237,138"
"Aug 05, 2018",0.045133,0.048404,0.045133,0.047129,"286,405","31,913,751"
"Aug 04, 2018",0.051094,0.051413,0.044604,0.045059,"408,093","30,511,634"
"Aug 03, 2018",0.051172,0.052447,0.046728,0.051034,"827,314","34,557,700"
"Aug 02, 2018",0.053054,0.055177,0.050784,0.050784,"367,373","34,388,750"
"Aug 01, 2018",0.055422,0.055867,0.051467,0.053047,"505,136","35,920,948"
"Jul 31, 2018",0.061393,0.061581,0.054403,0.055706,"792,193","37,721,705"
"Jul 30, 2018",0.062512,0.063721,0.060694,0.061477,"762,983","41,629,360"
"Jul 29, 2018",0.062989,0.063607,0.061854,0.062564,"605,984","42,365,698"
"Jul 28, 2018",0.064181,0.064382,0.062549,0.062838,"404,821","42,551,103"
"Jul 27, 2018",0.063093,0.064709,0.062375,0.064187,"592,181","43,464,314"
"Jul 26, 2018",0.065292,0.066776,0.063167,0.063302,"943,980","42,865,303"
"Jul 25, 2018",0.065461,0.066971,0.064241,0.065289,"1,148,130","44,210,876"
"Jul 24, 2018",0.065189,0.067317,0.064310,0.065735,"2,296,420","44,512,955"
"Jul 23, 2018",0.065209,0.069805,0.064721,0.065337,"1,662,080","44,243,244"
"Jul 22, 2018",0.065983,0.069162,0.064896,0.065377,"1,101,010","44,270,534"
"Jul 21, 2018",0.064408,0.069397,0.063751,0.065986,"1,650,740","44,682,650"
"Jul 20, 2018",0.069259,0.069259,0.064218,0.064421,"1,413,160","43,622,700"
"Jul 19, 2018",0.071765,0.072401,0.067653,0.069246,"2,314,450","46,890,309"
"Jul 18, 2018",0.075025,0.078236,0.071693,0.071864,"3,063,440","48,663,303"
"Jul 17, 2018",0.071882,0.075621,0.069476,0.075137,"2,345,210","50,879,562"
"Jul 16, 2018",0.065809,0.072115,0.064509,0.071815,"1,800,420","48,630,190"
"Jul 15, 2018",0.064012,0.066507,0.063641,0.065732,"828,375","44,510,653"
"Jul 14, 2018",0.063957,0.065297,0.063036,0.063998,"955,539","43,336,873"
"Jul 13, 2018",0.063781,0.066387,0.063632,0.063823,"1,217,490","43,217,965"
"Jul 12, 2018",0.067746,0.067817,0.062205,0.063671,"5,693,970","43,115,240"
"Jul 11, 2018",0.068570,0.070765,0.066328,0.067742,"1,909,620","45,871,801"
"Jul 10, 2018",0.075151,0.075507,0.067740,0.068717,"2,420,320","46,532,162"
"Jul 09, 2018",0.078740,0.079567,0.075135,0.075219,"1,738,790","50,934,682"
"Jul 08, 2018",0.079070,0.082600,0.078015,0.078871,"2,495,420","53,407,718"
"Jul 07, 2018",0.080401,0.080463,0.075443,0.078853,"1,277,310","53,395,733"
"Jul 06, 2018",0.082102,0.082102,0.076630,0.080131,"2,238,270","54,261,068"
"Jul 05, 2018",0.081818,0.086131,0.080376,0.081882,"2,685,680","55,447,104"
"Jul 04, 2018",0.079016,0.089377,0.076509,0.081778,"3,253,220","55,376,410"
"Jul 03, 2018",0.079520,0.083534,0.075489,0.077128,"2,829,950","52,227,438"
"Jul 02, 2018",0.074006,0.081392,0.072587,0.079366,"2,329,630","53,743,316"
"Jul 01, 2018",0.075291,0.075731,0.072205,0.074045,"1,557,360","50,139,838"
"Jun 30, 2018",0.073980,0.078002,0.072586,0.075327,"2,554,650","51,008,221"
"Jun 29, 2018",0.067297,0.079908,0.065010,0.073662,"5,314,540","49,880,827"
"Jun 28, 2018",0.076982,0.077753,0.066809,0.067040,"3,752,560","45,396,371"
"Jun 27, 2018",0.078878,0.079073,0.076521,0.077016,"1,495,600","52,151,664"
"Jun 26, 2018",0.083781,0.084962,0.079210,0.079241,"1,233,790","53,658,469"
"Jun 25, 2018",0.085474,0.089209,0.083060,0.084008,"3,243,170","56,886,058"
"Jun 24, 2018",0.093310,0.094155,0.079921,0.085009,"2,468,840","57,564,160"
"Jun 23, 2018",0.087418,0.096676,0.087418,0.093209,"2,827,500","63,117,031"
"Jun 22, 2018",0.109098,0.110393,0.086081,0.087264,"7,973,710","59,091,279"
"Jun 21, 2018",0.081865,0.132576,0.081425,0.109317,"54,789,800","74,024,500"
"Jun 20, 2018",0.085436,0.086889,0.076543,0.081624,"2,366,570","55,271,992"
"Jun 19, 2018",0.073878,0.092215,0.073878,0.085295,"7,340,790","57,757,691"
"Jun 18, 2018",0.066704,0.076397,0.065203,0.074052,"2,086,330","50,144,511"
"Jun 17, 2018",0.069118,0.071110,0.066719,0.066813,"963,217","45,242,860"
"Jun 16, 2018",0.067387,0.069396,0.065865,0.068996,"810,124","46,721,156"
"Jun 15, 2018",0.072458,0.072458,0.066842,0.067514,"1,289,960","45,717,071"
"Jun 14, 2018",0.066661,0.072981,0.065971,0.072529,"1,354,490","49,113,611"
"Jun 13, 2018",0.071477,0.072578,0.065255,0.066666,"1,651,190","45,143,251"
"Jun 12, 2018",0.082862,0.083572,0.070290,0.071251,"2,355,960","48,247,869"
"Jun 11, 2018",0.080818,0.083719,0.078767,0.082959,"2,946,100","56,175,858"
"Jun 10, 2018",0.094617,0.094719,0.079536,0.080799,"4,666,970","54,713,475"
"Jun 09, 2018",0.103340,0.103882,0.094335,0.094367,"7,798,060","63,900,769"
"Jun 08, 2018",0.119722,0.146975,0.102316,0.103545,"37,570,900","70,115,964"
"Jun 07, 2018",0.113066,0.119993,0.102195,0.119712,"3,403,250","81,063,521"
"Jun 06, 2018",0.103075,0.113158,0.100199,0.111803,"3,461,010","75,707,906"
"Jun 05, 2018",0.094885,0.104192,0.094251,0.103121,"2,371,010","69,828,851"
"Jun 04, 2018",0.089429,0.097496,0.086663,0.094885,"3,986,590","64,252,009"
"Jun 03, 2018",0.086098,0.091869,0.085060,0.089627,"1,519,280","60,691,328"
"Jun 02, 2018",0.084067,0.086832,0.083090,0.086035,"704,380","58,259,192"
"Jun 01, 2018",0.084328,0.086008,0.082443,0.084312,"263,738","57,092,522"
"May 31, 2018",0.081529,0.086017,0.081040,0.084301,"457,560","57,084,803"
"May 30, 2018",0.084909,0.086422,0.080205,0.081619,"348,977","55,268,607"
"May 29, 2018",0.079773,0.087508,0.078520,0.085007,"762,514","57,562,806"
"May 28, 2018",0.084687,0.085041,0.075184,0.079763,"1,134,990","54,011,537"
"May 27, 2018",0.087138,0.087602,0.083138,0.083759,"322,029","56,717,582"
"May 26, 2018",0.087948,0.090110,0.085505,0.087125,"558,637","58,997,087"
"May 25, 2018",0.092383,0.095787,0.087225,0.087944,"912,736","59,551,609"
"May 24, 2018",0.087062,0.092450,0.085553,0.092358,"745,250","62,540,569"
"May 23, 2018",0.089214,0.095968,0.086087,0.087087,"1,857,200","58,971,152"
"May 22, 2018",0.087227,0.096425,0.085325,0.089208,"2,366,810","60,407,735"
"May 21, 2018",0.100839,0.101421,0.081373,0.087247,"3,525,890","59,079,564"
"May 20, 2018",0.098750,0.102664,0.097773,0.101007,"1,164,540","68,397,346"
"May 19, 2018",0.099568,0.104031,0.097595,0.098649,"819,698","66,800,345"
"May 18, 2018",0.095364,0.102935,0.093353,0.099491,"1,484,980","67,370,644"
"May 17, 2018",0.116498,0.121131,0.094477,0.096375,"1,416,290","65,260,563"
"May 16, 2018",0.122513,0.127548,0.112626,0.116304,"1,781,750","78,755,779"
"May 15, 2018",0.126457,0.129465,0.118349,0.122513,"1,766,260","82,960,231"
"May 14, 2018",0.140608,0.142370,0.114687,0.126610,"3,091,720","85,734,533"
"May 13, 2018",0.118008,0.147070,0.115978,0.139472,"4,437,180","94,444,094"
"May 12, 2018",0.099264,0.119057,0.097201,0.118266,"1,549,860","80,084,356"
"May 11, 2018",0.112524,0.121172,0.092276,0.099325,"2,016,420","67,258,034"
"May 10, 2018",0.100803,0.126461,0.099105,0.117543,"2,591,240","79,594,773"
"May 09, 2018",0.099461,0.103713,0.095964,0.100787,"398,840","68,248,372"
"May 08, 2018",0.103155,0.106798,0.095922,0.099500,"1,053,120","67,376,671"
"May 07, 2018",0.103783,0.104790,0.096811,0.102960,"724,684","69,719,829"
"May 06, 2018",0.109276,0.120206,0.100834,0.103773,"819,394","70,270,355"
"May 05, 2018",0.102814,0.113939,0.102389,0.109252,"649,845","73,980,485"
"May 04, 2018",0.101537,0.106104,0.100208,0.102868,"1,234,520","69,657,531"
"May 03, 2018",0.097978,0.103960,0.096054,0.101737,"1,153,580","68,891,669"
"May 02, 2018",0.096457,0.100937,0.091967,0.097720,"1,151,780","66,171,810"
"May 01, 2018",0.093175,0.099804,0.089997,0.097702,"485,423","66,159,621"
"Apr 30, 2018",0.098429,0.100834,0.093084,0.093134,"792,048","63,066,244"
"Apr 29, 2018",0.101493,0.102182,0.096382,0.099295,"805,393","67,237,787"
"Apr 28, 2018",0.098380,0.101908,0.097892,0.101494,"353,270","68,727,120"
"Apr 27, 2018",0.102233,0.105624,0.096651,0.098582,"682,217","66,754,908"
"Apr 26, 2018",0.094840,0.103231,0.093768,0.102181,"890,134","69,192,325"
"Apr 25, 2018",0.124597,0.124966,0.088899,0.094686,"2,183,210","64,116,849"
"Apr 24, 2018",0.118081,0.124902,0.115518,0.124604,"994,091","84,376,161"
"Apr 23, 2018",0.103098,0.118605,0.103098,0.117979,"878,155","79,890,012"
"Apr 22, 2018",0.102176,0.110071,0.101723,0.103170,"651,483","69,862,031"
"Apr 21, 2018",0.108124,0.116112,0.100647,0.102847,"725,626","69,643,310"
"Apr 20, 2018",0.095687,0.121055,0.094941,0.108127,"1,216,390","73,218,686"
"Apr 19, 2018",0.090811,0.099812,0.090406,0.095656,"399,546","64,773,960"
"Apr 18, 2018",0.086510,0.097681,0.086329,0.090783,"171,664","61,473,847"
"Apr 17, 2018",0.084199,0.090269,0.084193,0.086485,"262,294","58,563,844"
"Apr 16, 2018",0.091851,0.092818,0.083042,0.084061,"307,411","56,922,015"
"Apr 15, 2018",0.089735,0.093533,0.087036,0.091832,"407,871","62,184,182"
"Apr 14, 2018",0.089328,0.094407,0.087397,0.089761,"168,491","60,782,202"
"Apr 13, 2018",0.085805,0.098367,0.083226,0.090529,"458,759","61,301,782"
"Apr 12, 2018",0.074643,0.087967,0.070651,0.085781,"522,024","58,087,262"
"Apr 11, 2018",0.077253,0.079438,0.072943,0.074705,"259,552","50,586,963"
"Apr 10, 2018",0.076344,0.081613,0.063967,0.077441,"513,416","52,439,252"
"Apr 09, 2018",0.058867,0.076554,0.058568,0.076316,"608,094","51,677,995"
"Apr 08, 2018",0.053342,0.064764,0.053334,0.058764,"193,651","39,792,037"
"Apr 07, 2018",0.051152,0.055325,0.051137,0.053330,"44,756.70","36,112,379"
"Apr 06, 2018",0.053225,0.055579,0.050884,0.051139,"112,824","34,629,276"
"Apr 05, 2018",0.048861,0.056347,0.047500,0.053373,"378,111","36,141,768"
"Apr 04, 2018",0.051585,0.052774,0.047700,0.048702,"81,021.20","32,978,711"
"Apr 03, 2018",0.049812,0.053240,0.047224,0.051150,"197,244","34,636,453"
"Apr 02, 2018",0.052494,0.052761,0.046277,0.049789,"251,219","33,714,846"
"Apr 01, 2018",0.051523,0.053773,0.047826,0.052391,"125,287","35,476,734"
"Mar 31, 2018",0.052478,0.055291,0.049698,0.051522,"112,854","34,888,152"
"Mar 30, 2018",0.053923,0.055572,0.050134,0.052485,"162,275","35,540,319"
"Mar 29, 2018",0.062261,0.062981,0.052906,0.053985,"161,660","36,556,457"
"Mar 28, 2018",0.062359,0.066125,0.060919,0.062220,"94,364.70","42,132,554"
"Mar 27, 2018",0.062621,0.065015,0.058346,0.062356,"166,716","42,224,850"
"Mar 26, 2018",0.068137,0.068356,0.060208,0.062629,"143,433","42,409,307"
"Mar 25, 2018",0.066422,0.070285,0.066024,0.068183,"102,177","46,170,291"
"Mar 24, 2018",0.067606,0.069585,0.064695,0.066694,"308,211","45,162,279"
"Mar 23, 2018",0.068539,0.069301,0.065676,0.067420,"179,511","45,653,893"
"Mar 22, 2018",0.068845,0.071629,0.065130,0.068463,"154,809","46,360,300"
"Mar 21, 2018",0.072201,0.074796,0.067627,0.069130,"175,140","46,811,962"
"Mar 20, 2018",0.070809,0.075227,0.065122,0.071958,"214,170","48,726,955"
"Mar 19, 2018",0.069719,0.071236,0.063149,0.070221,"163,865","47,550,738"
"Mar 18, 2018",0.069681,0.071433,0.056573,0.069106,"311,038","46,795,575"
"Mar 17, 2018",0.076621,0.078669,0.069437,0.069857,"202,500","47,303,983"
"Mar 16, 2018",0.072327,0.078256,0.069907,0.076002,"281,355","51,465,233"
"Mar 15, 2018",0.071605,0.073854,0.066268,0.072351,"272,569","48,993,077"
"Mar 14, 2018",0.076101,0.078101,0.068767,0.071603,"360,090","48,485,956"
"Mar 13, 2018",0.080450,0.080601,0.074400,0.076513,"179,811","51,811,462"
"Mar 12, 2018",0.080533,0.086415,0.076062,0.080391,"329,330","54,437,332"
"Mar 11, 2018",0.073866,0.081701,0.070383,0.080539,"199,562","54,537,212"
"Mar 10, 2018",0.080074,0.082706,0.071359,0.073755,"198,857","49,943,802"
"Mar 09, 2018",0.079116,0.081791,0.073032,0.080987,"298,168","54,840,780"
"Mar 08, 2018",0.081419,0.084922,0.077462,0.079182,"232,137","53,618,584"
"Mar 07, 2018",0.086040,0.088044,0.077314,0.081365,"363,760","55,096,745"
"Mar 06, 2018",0.091639,0.092112,0.085542,0.086033,"182,160","58,257,296"
"Mar 05, 2018",0.097569,0.098117,0.090646,0.091675,"255,647","62,078,479"
"Mar 04, 2018",0.095050,0.098010,0.092053,0.096172,"182,216","65,123,033"
"Mar 03, 2018",0.092009,0.097510,0.090917,0.095280,"453,238","64,519,011"
"Mar 02, 2018",0.092569,0.094255,0.088762,0.091988,"260,235","62,290,089"
"Mar 01, 2018",0.087758,0.093716,0.085941,0.092707,"389,824","62,776,693"
"Feb 28, 2018",0.094624,0.094624,0.086041,0.087729,"932,637","59,406,224"
"Feb 27, 2018",0.096805,0.099891,0.093368,0.094640,"290,288","64,086,106"
"Feb 26, 2018",0.094496,0.097751,0.087727,0.097654,"408,609","66,127,185"
"Feb 25, 2018",0.089429,0.096186,0.085804,0.094638,"205,282","64,084,278"
"Feb 24, 2018",0.097726,0.099676,0.087895,0.089496,"364,511","60,602,620"
"Feb 23, 2018",0.089941,0.099616,0.088641,0.097763,"285,736","66,200,724"
"Feb 22, 2018",0.101041,0.104834,0.088026,0.090071,"318,961","60,992,052"
"Feb 21, 2018",0.107308,0.111145,0.094553,0.101821,"472,485","68,948,550"
"Feb 20, 2018",0.119842,0.124377,0.107214,0.107327,"552,038","72,676,963"
"Feb 19, 2018",0.119497,0.129848,0.116041,0.119820,"729,397","81,136,654"
"Feb 18, 2018",0.135400,0.136627,0.119143,0.119625,"664,484","81,004,609"
"Feb 17, 2018",0.124316,0.143275,0.122546,0.135040,"1,236,370","91,442,946"
"Feb 16, 2018",0.116345,0.128125,0.110627,0.124192,"1,359,020","84,097,173"
"Feb 15, 2018",0.097405,0.116848,0.097282,0.116848,"1,104,180","79,124,151"
"Feb 14, 2018",0.090377,0.099319,0.090377,0.098427,"527,643","66,650,084"
"Feb 13, 2018",0.095168,0.095168,0.088507,0.090413,"314,333","61,223,774"
"Feb 12, 2018",0.088093,0.095738,0.087915,0.095002,"426,707","64,330,762"
"Feb 11, 2018",0.090662,0.090662,0.080111,0.087647,"606,429","59,350,562"
"Feb 10, 2018",0.098974,0.108448,0.084397,0.090682,"1,015,110","61,406,064"
"Feb 09, 2018",0.089791,0.099858,0.085481,0.099490,"880,309","67,370,170"
"Feb 08, 2018",0.080502,0.093352,0.080502,0.089542,"997,233","60,633,702"
"Feb 07, 2018",0.094930,0.097166,0.080395,0.080395,"2,084,620","54,439,566"
"Feb 06, 2018",0.088866,0.098156,0.070725,0.095155,"2,313,050","64,434,909"
"Feb 05, 2018",0.104831,0.106385,0.085022,0.088960,"1,281,970","60,239,598"
"Feb 04, 2018",0.123087,0.123580,0.104978,0.105777,"947,774","71,627,373"
"Feb 03, 2018",0.123209,0.133242,0.113944,0.123209,"1,335,130","83,431,531"
"Feb 02, 2018",0.131762,0.133510,0.100221,0.119069,"1,372,350","80,628,111"
"Feb 01, 2018",0.151024,0.157695,0.113526,0.131820,"1,781,160","89,262,508"
"Jan 31, 2018",0.133818,0.158665,0.123783,0.153042,"3,233,700","103,633,081"
"Jan 30, 2018",0.154657,0.154896,0.128212,0.130791,"1,204,470","88,565,716"
"Jan 29, 2018",0.163763,0.167039,0.152468,0.154677,"936,530","104,740,229"
"Jan 28, 2018",0.164559,0.176232,0.162225,0.163777,"1,330,510","110,902,335"
"Jan 27, 2018",0.161996,0.166521,0.158670,0.162322,"601,012","109,917,075"
"Jan 26, 2018",0.170667,0.173696,0.154881,0.160860,"1,512,860","108,927,075"
"Jan 25, 2018",0.172293,0.180253,0.167554,0.170898,"1,122,850","115,724,352"
"Jan 24, 2018",0.175140,0.176222,0.164951,0.170747,"1,095,020","115,622,102"
"Jan 23, 2018",0.172208,0.183042,0.147780,0.175051,"10,583,000","118,536,575"
"Jan 22, 2018",0.176541,0.220056,0.153116,0.168898,"8,640,750","114,370,043"
"Jan 21, 2018",0.202746,0.203252,0.162128,0.176039,"1,915,430","119,205,603"
"Jan 20, 2018",0.181848,0.215388,0.181848,0.202822,"2,221,830","137,341,833"
"Jan 19, 2018",0.168883,0.194115,0.159210,0.181786,"2,389,170","123,097,210"
"Jan 18, 2018",0.179403,0.199734,0.160993,0.172689,"2,808,000","116,937,136"
"Jan 17, 2018",0.172360,0.196736,0.120630,0.178417,"4,313,630","120,815,877"
"Jan 16, 2018",0.219148,0.220899,0.123853,0.168496,"5,055,810","114,097,827"
"Jan 15, 2018",0.241585,0.251607,0.219157,0.220936,"2,605,940","149,607,810"
"Jan 14, 2018",0.259198,0.259198,0.232047,0.241600,"2,906,640","163,600,531"
"Jan 13, 2018",0.252574,0.270264,0.251525,0.258599,"3,763,360","175,111,480"
"Jan 12, 2018",0.240081,0.266821,0.232745,0.252932,"3,285,820","171,274,046"
"Jan 11, 2018",0.288648,0.301898,0.234900,0.240662,"4,827,210","162,965,360"
"Jan 10, 2018",0.287131,0.309606,0.230205,0.284639,"14,729,200","192,744,584"
"Jan 09, 2018",0.310211,0.315963,0.267092,0.284804,"9,821,760","192,856,314"
"Jan 08, 2018",0.342121,0.342546,0.261409,0.311555,"17,871,400","210,970,875"
"Jan 07, 2018",0.336416,0.374587,0.330969,0.342649,"27,808,300","232,026,317"
"Jan 06, 2018",0.274306,0.335564,0.264816,0.330300,"17,155,400","223,664,136"
"Jan 05, 2018",0.297971,0.306044,0.256796,0.266440,"13,938,800","180,421,049"
"Jan 04, 2018",0.310475,0.326390,0.282569,0.302771,"18,534,000","205,022,749"
"Jan 03, 2018",0.238776,0.338311,0.235255,0.311756,"39,677,000","211,106,983"
"Jan 02, 2018",0.214846,0.243261,0.210860,0.239759,"12,623,000","162,353,889"
"Jan 01, 2018",0.195046,0.220120,0.190301,0.215230,"8,180,650","145,743,966"
"Dec 31, 2017",0.164919,0.208410,0.164380,0.194127,"7,724,010","131,453,974"
"Dec 30, 2017",0.197245,0.197245,0.162715,0.163907,"6,662,010","110,990,365"
"Dec 29, 2017",0.204240,0.209695,0.189749,0.196753,"6,337,600","133,232,182"
"Dec 28, 2017",0.209277,0.212573,0.182321,0.203540,"3,269,010","137,828,030"
"Dec 27, 2017",0.217393,0.238257,0.196750,0.208701,"5,276,430","141,322,824"
"Dec 26, 2017",0.213321,0.226502,0.209688,0.217676,"4,169,910","147,400,286"
"Dec 25, 2017",0.210012,0.219928,0.195849,0.214411,"3,946,250","145,189,377"
"Dec 24, 2017",0.226450,0.226450,0.175478,0.210187,"7,277,360","142,329,076"
"Dec 23, 2017",0.193352,0.250354,0.191302,0.226622,"7,261,210","153,458,110"
"Dec 22, 2017",0.263324,0.265784,0.144481,0.192459,"12,776,400","130,324,481"
"Dec 21, 2017",0.248476,0.297620,0.231599,0.263065,"14,630,600","178,135,652"
"Dec 20, 2017",0.246062,0.275635,0.223254,0.246861,"10,154,100","167,163,040"
"Dec 19, 2017",0.286795,0.301557,0.233979,0.248361,"15,042,000","168,178,772"
"Dec 18, 2017",0.279625,0.299591,0.253529,0.285231,"12,221,900","193,145,459"
"Dec 17, 2017",0.290171,0.312340,0.272159,0.278396,"10,800,500","188,517,108"
"Dec 16, 2017",0.326619,0.339610,0.266186,0.289708,"30,879,800","196,177,080"
"Dec 15, 2017",0.199716,0.343133,0.176024,0.343133,"42,491,100","232,354,060"
"Dec 14, 2017",0.142656,0.210022,0.137950,0.196837,"19,070,400","133,289,063"
"Dec 13, 2017",0.148038,0.158713,0.138417,0.143266,"5,072,230","97,013,219"
"Dec 12, 2017",0.142479,0.154885,0.133033,0.145955,"6,726,170","98,834,087"
"Dec 11, 2017",0.126171,0.144655,0.125085,0.142998,"4,202,140","96,831,741"
"Dec 10, 2017",0.139657,0.139657,0.120177,0.126143,"2,431,430","85,418,302"
"Dec 09, 2017",0.149387,0.159669,0.131268,0.139780,"4,306,080","94,652,658"
"Dec 08, 2017",0.137766,0.151141,0.127310,0.148734,"4,424,930","100,715,899"
"Dec 07, 2017",0.174788,0.196335,0.126396,0.138335,"10,112,100","93,674,170"
"Dec 06, 2017",0.104266,0.200493,0.100286,0.177955,"24,050,500","120,503,032"
"Dec 05, 2017",0.105594,0.111638,0.101108,0.103708,"3,010,660","70,226,340"
"Dec 04, 2017",0.101450,0.107981,0.100124,0.107044,"2,686,070","72,485,328"
"Dec 03, 2017",0.099388,0.114306,0.091895,0.102206,"4,226,530","69,209,254"
"Dec 02, 2017",0.104579,0.109781,0.095495,0.099603,"3,409,950","67,446,756"
"Dec 01, 2017",0.111269,0.119606,0.101152,0.104868,"4,580,030","71,011,840"
"Nov 30, 2017",0.103437,0.126490,0.100215,0.112301,"6,185,430","76,045,129"
"Nov 29, 2017",0.106626,0.146421,0.090449,0.104355,"12,401,800","70,664,459"
"Nov 28, 2017",0.101351,0.107749,0.094755,0.106480,"3,982,670","72,103,413"
"Nov 27, 2017",0.089457,0.104669,0.087470,0.097401,"3,735,430","65,955,324"
"Nov 26, 2017",0.088924,0.098964,0.082570,0.091747,"5,216,050","62,126,624"
"Nov 25, 2017",0.073461,0.106609,0.070856,0.088920,"4,467,940","60,212,376"
"Nov 24, 2017",0.071755,0.074398,0.068242,0.072969,"2,071,370","49,411,355"
"Nov 23, 2017",0.074164,0.074874,0.071336,0.071656,"1,392,560","48,522,387"
"Nov 22, 2017",0.073211,0.075461,0.070922,0.074142,"846,383","50,205,251"
"Nov 21, 2017",0.073220,0.076685,0.070540,0.073075,"967,821","49,482,863"
"Nov 20, 2017",0.073430,0.074287,0.070612,0.073785,"742,736","49,963,846"
"Nov 19, 2017",0.073887,0.078402,0.072012,0.073460,"714,106","49,743,771"
"Nov 18, 2017",0.070376,0.079875,0.067624,0.073295,"1,862,580","49,632,108"
"Nov 17, 2017",0.068047,0.071354,0.066321,0.070740,"611,732","47,901,843"
"Nov 16, 2017",0.071334,0.072460,0.066038,0.067946,"1,101,700","46,009,873"
"Nov 15, 2017",0.073173,0.075077,0.070760,0.071741,"952,326","48,579,539"
"Nov 14, 2017",0.075032,0.075657,0.072072,0.073212,"612,189","49,576,039"
"Nov 13, 2017",0.072590,0.078169,0.071578,0.074054,"1,198,300","50,146,000"
"Nov 12, 2017",0.077990,0.079946,0.069990,0.073702,"1,120,230","49,907,777"
"Nov 11, 2017",0.079038,0.082238,0.073945,0.079108,"1,138,150","53,568,475"
"Nov 10, 2017",0.086739,0.092723,0.074189,0.078907,"1,597,910","53,432,367"
"Nov 09, 2017",0.077990,0.092970,0.076509,0.087902,"2,427,140","59,522,965"
"Nov 08, 2017",0.072874,0.081654,0.072874,0.078809,"2,181,610","53,366,006"
"Nov 07, 2017",0.072449,0.078596,0.070696,0.072786,"1,649,370","49,287,165"
"Nov 06, 2017",0.095868,0.095868,0.070536,0.072413,"2,280,000","49,034,519"
"Nov 05, 2017",0.078181,0.098942,0.078181,0.095522,"5,393,300",0
"Nov 04, 2017",0.065025,0.078911,0.057971,0.078053,"2,103,840",0
"Nov 03, 2017",0.072485,0.074555,0.061770,0.063660,"2,771,370",0
